n_param,density,seed,n_traversable,d_shortest,path_length,reactions,gradient_reactions,agent_moves,tagging_reactions,termination_reactions,final_time,reached,first_gradient_time,first_tagging_time,first_agent_move_time,reached_time
5,0.0,0,25,8,8,39,30,7,1,1,8.36119486487946,True,0.044718313135184096,1.682330220207163,1.9982378482171512,8.36119486487946
5,0.0,1,25,8,8,39,30,7,1,1,8.36119486487946,True,0.044718313135184096,1.682330220207163,1.9982378482171512,8.36119486487946
5,0.0,2,25,8,8,39,30,7,1,1,8.36119486487946,True,0.044718313135184096,1.682330220207163,1.9982378482171512,8.36119486487946
5,0.0,3,25,8,8,39,30,7,1,1,8.36119486487946,True,0.044718313135184096,1.682330220207163,1.9982378482171512,8.36119486487946
5,0.0,4,25,8,8,39,30,7,1,1,8.36119486487946,True,0.044718313135184096,1.682330220207163,1.9982378482171512,8.36119486487946
5,0.0,5,25,8,8,39,30,7,1,1,8.36119486487946,True,0.044718313135184096,1.682330220207163,1.9982378482171512,8.36119486487946
5,0.0,6,25,8,8,39,30,7,1,1,8.36119486487946,True,0.044718313135184096,1.682330220207163,1.9982378482171512,8.36119486487946
5,0.0,7,25,8,8,39,30,7,1,1,8.36119486487946,True,0.044718313135184096,1.682330220207163,1.9982378482171512,8.36119486487946
5,0.0,8,25,8,8,39,30,7,1,1,8.36119486487946,True,0.044718313135184096,1.682330220207163,1.9982378482171512,8.36119486487946
5,0.0,9,25,8,8,39,30,7,1,1,8.36119486487946,True,0.044718313135184096,1.682330220207163,1.9982378482171512,8.36119486487946
5,0.0,10,25,8,8,39,30,7,1,1,8.36119486487946,True,0.044718313135184096,1.682330220207163,1.9982378482171512,8.36119486487946
5,0.0,11,25,8,8,39,30,7,1,1,8.36119486487946,True,0.044718313135184096,1.682330220207163,1.9982378482171512,8.36119486487946
5,0.0,12,25,8,8,39,30,7,1,1,8.36119486487946,True,0.044718313135184096,1.682330220207163,1.9982378482171512,8.36119486487946
5,0.0,13,25,8,8,39,30,7,1,1,8.36119486487946,True,0.044718313135184096,1.682330220207163,1.9982378482171512,8.36119486487946
5,0.0,14,25,8,8,39,30,7,1,1,8.36119486487946,True,0.044718313135184096,1.682330220207163,1.9982378482171512,8.36119486487946
5,0.0,15,25,8,8,39,30,7,1,1,8.36119486487946,True,0.044718313135184096,1.682330220207163,1.9982378482171512,8.36119486487946
5,0.0,16,25,8,8,39,30,7,1,1,8.36119486487946,True,0.044718313135184096,1.682330220207163,1.9982378482171512,8.36119486487946
5,0.0,17,25,8,8,39,30,7,1,1,8.36119486487946,True,0.044718313135184096,1.682330220207163,1.9982378482171512,8.36119486487946
5,0.0,18,25,8,8,39,30,7,1,1,8.36119486487946,True,0.044718313135184096,1.682330220207163,1.9982378482171512,8.36119486487946
5,0.0,19,25,8,8,39,30,7,1,1,8.36119486487946,True,0.044718313135184096,1.682330220207163,1.9982378482171512,8.36119486487946
5,0.0,20,25,8,8,39,30,7,1,1,8.36119486487946,True,0.044718313135184096,1.682330220207163,1.9982378482171512,8.36119486487946
5,0.0,21,25,8,8,39,30,7,1,1,8.36119486487946,True,0.044718313135184096,1.682330220207163,1.9982378482171512,8.36119486487946
5,0.0,22,25,8,8,39,30,7,1,1,8.36119486487946,True,0.044718313135184096,1.682330220207163,1.9982378482171512,8.36119486487946
5,0.0,23,25,8,8,39,30,7,1,1,8.36119486487946,True,0.044718313135184096,1.682330220207163,1.9982378482171512,8.36119486487946
5,0.0,24,25,8,8,39,30,7,1,1,8.36119486487946,True,0.044718313135184096,1.682330220207163,1.9982378482171512,8.36119486487946
5,0.0,25,25,8,8,39,30,7,1,1,8.36119486487946,True,0.044718313135184096,1.682330220207163,1.9982378482171512,8.36119486487946
5,0.0,26,25,8,8,39,30,7,1,1,8.36119486487946,True,0.044718313135184096,1.682330220207163,1.9982378482171512,8.36119486487946
5,0.0,27,25,8,8,39,30,7,1,1,8.36119486487946,True,0.044718313135184096,1.682330220207163,1.9982378482171512,8.36119486487946
5,0.0,28,25,8,8,39,30,7,1,1,8.36119486487946,True,0.044718313135184096,1.682330220207163,1.9982378482171512,8.36119486487946
5,0.0,29,25,8,8,39,30,7,1,1,8.36119486487946,True,0.044718313135184096,1.682330220207163,1.9982378482171512,8.36119486487946
5,0.1,0,25,8,8,39,30,7,1,1,8.36119486487946,True,0.044718313135184096,1.682330220207163,1.9982378482171512,8.36119486487946
5,0.1,1,20,8,8,34,25,7,1,1,7.990619850542961,True,0.044718313135184096,0.531436985216042,0.8816019703999877,7.990619850542961
5,0.1,2,21,8,8,35,26,7,1,1,12.376466928707096,True,0.044718313135184096,0.8881509379607573,3.416483257345763,12.376466928707096
5,0.1,3,22,8,10,40,29,9,1,1,14.329497325803203,True,0.044718313135184096,0.45338884993099876,1.4248372353030154,14.329497325803203
5,0.1,4,24,8,8,38,29,7,1,1,10.862604480902647,True,0.044718313135184096,1.8511845007302044,1.9166252018164212,10.862604480902647
5,0.1,5,23,8,8,37,28,7,1,1,13.242620143682215,True,0.044718313135184096,1.6770564920029722,4.205388811387978,13.242620143682215
5,0.1,6,24,8,8,38,29,7,1,1,10.862604480902647,True,0.044718313135184096,1.8511845007302044,1.9166252018164212,10.862604480902647
5,0.1,7,19,8,8,33,24,7,1,1,11.579391120662738,True,0.044718313135184096,1.2141682443888964,1.4284409169587151,11.579391120662738
5,0.1,8,22,8,8,36,27,7,1,1,12.274133098743679,True,0.044718313135184096,2.9153382895571216,4.372953001381996,12.274133098743679
5,0.1,9,22,8,8,36,27,7,1,1,8.518237550421437,True,0.044718313135184096,0.5841652575918364,1.1334681524875723,8.518237550421437
5,0.1,10,24,8,8,38,29,7,1,1,8.541701373239922,True,0.044718313135184096,0.446955395010621,1.440718687609162,8.541701373239922
5,0.1,11,21,8,8,35,26,7,1,1,9.097836895826271,True,0.044718313135184096,0.4254727986344521,1.3969211840064688,9.097836895826271
5,0.1,12,22,8,8,36,27,7,1,1,10.617302478038125,True,0.044718313135184096,1.9876943801575617,3.2276814366776363,10.617302478038125
5,0.1,13,24,8,8,38,29,7,1,1,6.131808771778775,True,0.044718313135184096,0.6822406658664877,0.7476813669527044,6.131808771778775
5,0.1,14,25,8,8,39,30,7,1,1,8.36119486487946,True,0.044718313135184096,1.682330220207163,1.9982378482171512,8.36119486487946
5,0.1,15,23,8,8,37,28,7,1,1,10.20187917658004,True,0.044718313135184096,1.8737548352365885,4.166375444906038,10.20187917658004
5,0.1,16,23,8,8,37,28,7,1,1,7.922693014626133,True,0.044718313135184096,0.3550357180208817,3.486017268500294,7.922693014626133
5,0.1,17,23,8,8,36,27,7,1,1,9.809071524399343,True,0.044718313135184096,2.8326918346656766,4.112920957306878,9.809071524399343
5,0.1,18,25,8,8,39,30,7,1,1,8.36119486487946,True,0.044718313135184096,1.682330220207163,1.9982378482171512,8.36119486487946
5,0.1,19,24,8,8,38,29,7,1,1,6.161897689234679,True,0.044718313135184096,0.9766965966973888,1.9850144114735495,6.161897689234679
5,0.1,20,25,8,8,39,30,7,1,1,8.36119486487946,True,0.044718313135184096,1.682330220207163,1.9982378482171512,8.36119486487946
5,0.1,21,23,8,8,37,28,7,1,1,13.398228062501062,True,0.044718313135184096,1.6820922517306967,4.210424571115702,13.398228062501062
5,0.1,22,23,8,8,37,28,7,1,1,13.398228062501062,True,0.044718313135184096,1.6820922517306967,4.210424571115702,13.398228062501062
5,0.1,23,21,8,10,39,28,9,1,1,12.456745287220322,True,0.044718313135184096,0.5323864862333526,3.0607188056183583,12.456745287220322
5,0.1,24,23,8,8,37,28,7,1,1,12.320584925835533,True,0.044718313135184096,1.8532613612547946,4.3815936806398,12.320584925835533
5,0.1,25,24,8,10,42,31,9,1,1,8.099721854648946,True,0.044718313135184096,1.0136731659215505,2.021990980697711,8.099721854648946
5,0.1,26,22,8,8,36,27,7,1,1,6.647166648925195,True,0.044718313135184096,0.6009045673381537,1.0813307190813652,6.647166648925195
5,0.1,27,21,8,8,35,26,7,1,1,9.16919755582429,True,0.044718313135184096,0.344670337090596,0.9388039651254936,9.16919755582429
5,0.1,28,23,8,8,37,28,7,1,1,6.714073412161146,True,0.044718313135184096,1.6460015538370878,2.0990545494226054,6.714073412161146
5,0.1,29,25,8,8,39,30,7,1,1,8.36119486487946,True,0.044718313135184096,1.682330220207163,1.9982378482171512,8.36119486487946
5,0.2,0,25,8,8,39,30,7,1,1,8.36119486487946,True,0.044718313135184096,1.682330220207163,1.9982378482171512,8.36119486487946
5,0.2,1,19,8,8,33,24,7,1,1,9.186987257913318,True,0.044718313135184096,2.653136846388823,2.840183953927283,9.186987257913318
5,0.2,2,20,8,8,34,25,7,1,1,10.129693612609005,True,0.044718313135184096,0.6923197916562505,1.172745943399462,10.129693612609005
5,0.2,3,21,8,8,35,26,7,1,1,9.347369589150485,True,0.044718313135184096,1.4150740433097362,1.4423262708424258,9.347369589150485
5,0.2,4,19,8,8,32,23,7,1,1,6.978580041732781,True,0.044718313135184096,0.3678713541029111,1.4567475573044988,6.978580041732781
5,0.2,5,21,8,10,39,28,9,1,1,8.329190998273116,True,0.044718313135184096,0.6711000422946758,1.0076055373928865,8.329190998273116
5,0.2,6,23,8,8,37,28,7,1,1,8.341808236764201,True,0.044718313135184096,0.6822406658664877,1.1352936614520053,8.341808236764201
5,0.2,7,19,8,8,33,24,7,1,1,8.177775056361915,True,0.044718313135184096,0.7313031345714462,0.945575807141265,8.177775056361915
5,0.2,8,19,8,8,33,24,7,1,1,8.177775056361915,True,0.044718313135184096,0.7313031345714462,0.945575807141265,8.177775056361915
5,0.2,9,19,8,8,33,24,7,1,1,10.334139717074969,True,0.044718313135184096,2.15931859173221,4.537210985539417,10.334139717074969
5,0.2,10,22,8,8,35,26,7,1,1,9.482744031278767,True,0.044718313135184096,0.410064673741328,1.0332603384119596,9.482744031278767
5,0.2,11,19,8,8,33,24,7,1,1,12.45976480145406,True,0.044718313135184096,2.028361547044316,2.5329963214470728,12.45976480145406
5,0.2,12,19,8,10,37,26,9,1,1,10.640548413285492,True,0.044718313135184096,3.2032406461839233,3.417513318753742,10.640548413285492
5,0.2,13,20,8,8,34,25,7,1,1,8.446135618168801,True,0.044718313135184096,1.2032985868047743,1.230550814337464,8.446135618168801
5,0.2,14,21,8,8,35,26,7,1,1,9.843465409320576,True,0.044718313135184096,0.9499121288797892,1.0987522178604325,9.843465409320576
5,0.2,15,22,8,8,36,27,7,1,1,12.064928307954467,True,0.044718313135184096,0.9392365763854279,1.2894015615693735,12.064928307954467
5,0.2,16,22,8,8,36,27,7,1,1,7.023688993252417,True,0.044718313135184096,0.4631009263895606,0.6599836305445251,7.023688993252417
5,0.2,17,21,8,10,39,28,9,1,1,7.775623462670087,True,0.044718313135184096,0.8002546727707158,1.2806808245139274,7.775623462670087
5,0.2,18,23,8,8,37,28,7,1,1,8.967601919558206,True,0.044718313135184096,0.6183684036532179,1.8985975262944197,8.967601919558206
5,0.2,19,22,8,10,39,28,9,1,1,10.246876692706932,True,0.044718313135184096,0.7343232357588332,2.213179144768299,10.246876692706932
5,0.2,20,23,8,8,37,28,7,1,1,7.426819563491978,True,0.044718313135184096,0.6610071268902582,1.94123624953146,7.426819563491978
5,0.2,21,19,8,8,33,24,7,1,1,8.231588997873898,True,0.044718313135184096,0.5660255993873251,0.9161905845712708,8.231588997873898
5,0.2,22,19,8,8,33,24,7,1,1,8.231588997873898,True,0.044718313135184096,0.5660255993873251,0.9161905845712708,8.231588997873898
5,0.2,23,19,8,8,33,24,7,1,1,8.231588997873898,True,0.044718313135184096,0.5660255993873251,0.9161905845712708,8.231588997873898
5,0.2,24,19,8,8,32,23,7,1,1,8.86612513136832,True,0.044718313135184096,1.2093231818950796,3.7830849550184,8.86612513136832
5,0.2,25,21,8,8,35,26,7,1,1,5.744400984263828,True,0.044718313135184096,0.542313812421791,0.7505672642059241,5.744400984263828
5,0.2,26,21,8,8,35,26,7,1,1,8.731121615029215,True,0.044718313135184096,0.42320578973762396,1.3946541751096406,8.731121615029215
5,0.2,27,19,8,8,30,21,7,1,1,12.55623028642529,True,0.044718313135184096,2.9396848149829173,5.275657348725517,12.55623028642529
5,0.2,28,23,8,8,36,27,7,1,1,9.809071524399343,True,0.044718313135184096,2.8326918346656766,4.112920957306878,9.809071524399343
5,0.2,29,23,8,8,36,27,7,1,1,9.809071524399343,True,0.044718313135184096,2.8326918346656766,4.112920957306878,9.809071524399343
5,0.3,0,22,8,8,36,27,7,1,1,10.407989672676756,True,0.044718313135184096,0.7934941942316269,2.2723501032410924,10.407989672676756
5,0.3,1,17,8,8,31,22,7,1,1,8.592441055820366,True,0.044718313135184096,1.5984638094379902,3.93443634318059,8.592441055820366
5,0.3,2,19,8,8,33,24,7,1,1,7.2227063009628045,True,0.044718313135184096,1.066148782321359,1.0934010098540485,7.2227063009628045
5,0.3,3,20,8,8,34,25,7,1,1,7.993670954705313,True,0.044718313135184096,1.0741672597334366,1.2612143672718967,7.993670954705313
5,0.3,4,20,8,8,34,25,7,1,1,7.993670954705313,True,0.044718313135184096,1.0741672597334366,1.2612143672718967,7.993670954705313
5,0.3,5,20,8,8,34,25,7,1,1,7.993670954705313,True,0.044718313135184096,1.0741672597334366,1.2612143672718967,7.993670954705313
5,0.3,6,20,8,8,34,25,7,1,1,7.993670954705313,True,0.044718313135184096,1.0741672597334366,1.2612143672718967,7.993670954705313
5,0.3,7,18,8,8,32,23,7,1,1,8.053288892483591,True,0.044718313135184096,2.541146466810698,2.5848757331377223,8.053288892483591
5,0.3,8,18,8,8,32,23,7,1,1,8.053288892483591,True,0.044718313135184096,2.541146466810698,2.5848757331377223,8.053288892483591
5,0.3,9,18,8,8,32,23,7,1,1,8.053288892483591,True,0.044718313135184096,2.541146466810698,2.5848757331377223,8.053288892483591
5,0.3,10,19,8,8,33,24,7,1,1,12.45976480145406,True,0.044718313135184096,2.028361547044316,2.5329963214470728,12.45976480145406
5,0.3,11,19,8,8,33,24,7,1,1,12.45976480145406,True,0.044718313135184096,2.028361547044316,2.5329963214470728,12.45976480145406
5,0.3,12,18,8,8,32,23,7,1,1,14.492075743297976,True,0.044718313135184096,6.018487744345643,6.062217010672668,14.492075743297976
5,0.3,13,20,8,8,34,25,7,1,1,11.031887767365316,True,0.044718313135184096,0.7659264675412283,2.7349751695425155,11.031887767365316
5,0.3,14,20,8,8,34,25,7,1,1,11.031887767365316,True,0.044718313135184096,0.7659264675412283,2.7349751695425155,11.031887767365316
5,0.3,15,20,8,8,34,25,7,1,1,11.031887767365316,True,0.044718313135184096,0.7659264675412283,2.7349751695425155,11.031887767365316
5,0.3,16,20,8,8,34,25,7,1,1,11.031887767365316,True,0.044718313135184096,0.7659264675412283,2.7349751695425155,11.031887767365316
5,0.3,17,19,8,8,32,23,7,1,1,10.428517129957008,True,0.044718313135184096,1.2299186842107752,1.8531143488814068,10.428517129957008
5,0.3,18,18,8,10,36,25,9,1,1,13.30279722441284,True,0.044718313135184096,1.154858901109302,2.2437351043108897,13.30279722441284
5,0.3,19,16,8,8,29,20,7,1,1,7.56891296243399,True,0.044718313135184096,1.0761612000412544,1.2920570149744677,7.56891296243399
5,0.3,20,21,8,10,39,28,9,1,1,10.659728038072938,True,0.044718313135184096,0.6684299863862905,1.018594971570236,10.659728038072938
5,0.3,21,18,8,8,32,23,7,1,1,9.682241076164155,True,0.044718313135184096,0.4074365987614713,2.785328992568678,9.682241076164155
5,0.3,22,18,8,8,32,23,7,1,1,9.682241076164155,True,0.044718313135184096,0.4074365987614713,2.785328992568678,9.682241076164155
5,0.3,23,18,8,8,32,23,7,1,1,9.682241076164155,True,0.044718313135184096,0.4074365987614713,2.785328992568678,9.682241076164155
5,0.3,24,19,8,8,32,23,7,1,1,8.86612513136832,True,0.044718313135184096,1.2093231818950796,3.7830849550184,8.86612513136832
5,0.3,25,19,8,8,33,24,7,1,1,7.572518889921685,True,0.044718313135184096,0.7541708051223772,0.7814230326550669,7.572518889921685
5,0.3,26,18,8,8,32,23,7,1,1,9.289200403074215,True,0.044718313135184096,0.9149945926250591,1.2300728204662879,9.289200403074215
5,0.3,27,19,8,8,30,21,7,1,1,12.55623028642529,True,0.044718313135184096,2.9396848149829173,5.275657348725517,12.55623028642529
5,0.3,28,21,8,8,35,26,7,1,1,13.087517820105836,True,0.044718313135184096,0.5835077006902449,1.1328105955859809,13.087517820105836
5,0.3,29,21,8,8,35,26,7,1,1,13.087517820105836,True,0.044718313135184096,0.5835077006902449,1.1328105955859809,13.087517820105836
8,0.0,0,64,14,16,93,76,15,1,1,15.275190639145384,True,0.044718313135184096,1.6461011894999498,3.1592412988467418,15.275190639145384
8,0.0,1,64,14,16,93,76,15,1,1,15.275190639145384,True,0.044718313135184096,1.6461011894999498,3.1592412988467418,15.275190639145384
8,0.0,2,64,14,16,93,76,15,1,1,15.275190639145384,True,0.044718313135184096,1.6461011894999498,3.1592412988467418,15.275190639145384
8,0.0,3,64,14,16,93,76,15,1,1,15.275190639145384,True,0.044718313135184096,1.6461011894999498,3.1592412988467418,15.275190639145384
8,0.0,4,64,14,16,93,76,15,1,1,15.275190639145384,True,0.044718313135184096,1.6461011894999498,3.1592412988467418,15.275190639145384
8,0.0,5,64,14,16,93,76,15,1,1,15.275190639145384,True,0.044718313135184096,1.6461011894999498,3.1592412988467418,15.275190639145384
8,0.0,6,64,14,16,93,76,15,1,1,15.275190639145384,True,0.044718313135184096,1.6461011894999498,3.1592412988467418,15.275190639145384
8,0.0,7,64,14,16,93,76,15,1,1,15.275190639145384,True,0.044718313135184096,1.6461011894999498,3.1592412988467418,15.275190639145384
8,0.0,8,64,14,16,93,76,15,1,1,15.275190639145384,True,0.044718313135184096,1.6461011894999498,3.1592412988467418,15.275190639145384
8,0.0,9,64,14,16,93,76,15,1,1,15.275190639145384,True,0.044718313135184096,1.6461011894999498,3.1592412988467418,15.275190639145384
8,0.0,10,64,14,16,93,76,15,1,1,15.275190639145384,True,0.044718313135184096,1.6461011894999498,3.1592412988467418,15.275190639145384
8,0.0,11,64,14,16,93,76,15,1,1,15.275190639145384,True,0.044718313135184096,1.6461011894999498,3.1592412988467418,15.275190639145384
8,0.0,12,64,14,16,93,76,15,1,1,15.275190639145384,True,0.044718313135184096,1.6461011894999498,3.1592412988467418,15.275190639145384
8,0.0,13,64,14,16,93,76,15,1,1,15.275190639145384,True,0.044718313135184096,1.6461011894999498,3.1592412988467418,15.275190639145384
8,0.0,14,64,14,16,93,76,15,1,1,15.275190639145384,True,0.044718313135184096,1.6461011894999498,3.1592412988467418,15.275190639145384
8,0.0,15,64,14,16,93,76,15,1,1,15.275190639145384,True,0.044718313135184096,1.6461011894999498,3.1592412988467418,15.275190639145384
8,0.0,16,64,14,16,93,76,15,1,1,15.275190639145384,True,0.044718313135184096,1.6461011894999498,3.1592412988467418,15.275190639145384
8,0.0,17,64,14,16,93,76,15,1,1,15.275190639145384,True,0.044718313135184096,1.6461011894999498,3.1592412988467418,15.275190639145384
8,0.0,18,64,14,16,93,76,15,1,1,15.275190639145384,True,0.044718313135184096,1.6461011894999498,3.1592412988467418,15.275190639145384
8,0.0,19,64,14,16,93,76,15,1,1,15.275190639145384,True,0.044718313135184096,1.6461011894999498,3.1592412988467418,15.275190639145384
8,0.0,20,64,14,16,93,76,15,1,1,15.275190639145384,True,0.044718313135184096,1.6461011894999498,3.1592412988467418,15.275190639145384
8,0.0,21,64,14,16,93,76,15,1,1,15.275190639145384,True,0.044718313135184096,1.6461011894999498,3.1592412988467418,15.275190639145384
8,0.0,22,64,14,16,93,76,15,1,1,15.275190639145384,True,0.044718313135184096,1.6461011894999498,3.1592412988467418,15.275190639145384
8,0.0,23,64,14,16,93,76,15,1,1,15.275190639145384,True,0.044718313135184096,1.6461011894999498,3.1592412988467418,15.275190639145384
8,0.0,24,64,14,16,93,76,15,1,1,15.275190639145384,True,0.044718313135184096,1.6461011894999498,3.1592412988467418,15.275190639145384
8,0.0,25,64,14,16,93,76,15,1,1,15.275190639145384,True,0.044718313135184096,1.6461011894999498,3.1592412988467418,15.275190639145384
8,0.0,26,64,14,16,93,76,15,1,1,15.275190639145384,True,0.044718313135184096,1.6461011894999498,3.1592412988467418,15.275190639145384
8,0.0,27,64,14,16,93,76,15,1,1,15.275190639145384,True,0.044718313135184096,1.6461011894999498,3.1592412988467418,15.275190639145384
8,0.0,28,64,14,16,93,76,15,1,1,15.275190639145384,True,0.044718313135184096,1.6461011894999498,3.1592412988467418,15.275190639145384
8,0.0,29,64,14,16,93,76,15,1,1,15.275190639145384,True,0.044718313135184096,1.6461011894999498,3.1592412988467418,15.275190639145384
8,0.1,0,61,14,14,87,72,13,1,1,18.198710746078063,True,0.044718313135184096,0.9707280843526584,3.0233994501470978,18.198710746078063
8,0.1,1,56,14,14,82,67,13,1,1,21.684408629728548,True,0.044718313135184096,1.5214017738911512,2.2133774148710628,21.684408629728548
8,0.1,2,59,14,16,89,72,15,1,1,15.51556192646206,True,0.044718313135184096,0.869868616203974,0.9991554550504996,15.51556192646206
8,0.1,3,59,14,14,85,70,13,1,1,14.547680383656026,True,0.044718313135184096,0.651383146281762,0.7814808986543328,14.547680383656026
8,0.1,4,59,14,16,89,72,15,1,1,13.704748042674378,True,0.044718313135184096,1.1004932583847047,1.1550028296627715,13.704748042674378
8,0.1,5,57,14,14,83,68,13,1,1,27.40762764416872,True,0.044718313135184096,0.9505846210979639,8.41713779867708,27.40762764416872
8,0.1,6,58,14,16,87,70,15,1,1,24.679481554989852,True,0.044718313135184096,1.4499481296774561,3.328316571818368,24.679481554989852
8,0.1,7,55,14,14,81,66,13,1,1,18.07976897439086,True,0.044718313135184096,1.4495952763606685,2.2825443235537937,18.07976897439086
8,0.1,8,57,14,14,83,68,13,1,1,14.630665705190447,True,0.044718313135184096,1.2992084969672142,1.5703471035351084,14.630665705190447
8,0.1,9,53,14,14,79,64,13,1,1,16.563918242917683,True,0.044718313135184096,3.28201138535341,3.609513427630754,16.563918242917683
8,0.1,10,58,14,14,83,68,13,1,1,19.360745137931044,True,0.044718313135184096,1.3826711957986146,5.321205419204006,19.360745137931044
8,0.1,11,54,14,14,80,65,13,1,1,14.184782657585004,True,0.044718313135184096,1.0842365325520167,1.1135846280517592,14.184782657585004
8,0.1,12,55,14,16,85,68,15,1,1,24.370541110821534,True,0.044718313135184096,1.670523050497795,1.7619501559239494,24.370541110821534
8,0.1,13,62,14,14,87,72,13,1,1,15.648114788196999,True,0.044718313135184096,0.7320935338911825,1.1630640712150093,15.648114788196999
8,0.1,14,59,14,14,85,70,13,1,1,16.2734998079085,True,0.044718313135184096,1.3032769597861031,3.973850489783234,16.2734998079085
8,0.1,15,58,14,14,84,69,13,1,1,18.816091587217162,True,0.044718313135184096,1.9247105575185102,5.8632447809239014,18.816091587217162
8,0.1,16,58,14,14,84,69,13,1,1,13.486044491392557,True,0.044718313135184096,1.5545704520474868,2.681100673775166,13.486044491392557
8,0.1,17,59,14,14,85,70,13,1,1,18.034107261209982,True,0.044718313135184096,0.7666885224124833,0.8967862747850541,18.034107261209982
8,0.1,18,61,14,14,87,72,13,1,1,12.823809444315028,True,0.044718313135184096,0.7216377038806572,0.8581070754729889,12.823809444315028
8,0.1,19,60,14,16,90,73,15,1,1,21.189770507953128,True,0.044718313135184096,0.8026541702351102,3.260099920905799,21.189770507953128
8,0.1,20,59,14,18,93,74,17,1,1,22.655737585283617,True,0.044718313135184096,0.98865970226047,1.1187574546330408,22.655737585283617
8,0.1,21,57,14,14,83,68,13,1,1,17.178276376727126,True,0.044718313135184096,1.1834448096758996,1.800781555015812,17.178276376727126
8,0.1,22,59,14,14,85,70,13,1,1,23.826306544373125,True,0.044718313135184096,1.2746678974959256,8.741221075075043,23.826306544373125
8,0.1,23,57,14,14,83,68,13,1,1,10.588406717660954,True,0.044718313135184096,0.760680739094359,1.2086106045909903,10.588406717660954
8,0.1,24,59,14,14,85,70,13,1,1,13.506082827079807,True,0.044718313135184096,0.5923144737784534,0.7224122261510242,13.506082827079807
8,0.1,25,56,14,14,82,67,13,1,1,19.491616134774834,True,0.044718313135184096,0.7636133014062569,1.4555889423861685,19.491616134774834
8,0.1,26,54,14,14,80,65,13,1,1,19.783348862939047,True,0.044718313135184096,3.0890129478101174,3.9219619950032425,19.783348862939047
8,0.1,27,57,14,14,78,63,13,1,1,15.253117724643745,True,0.044718313135184096,1.3764479241866363,1.8724338505498266,15.253117724643745
8,0.1,28,59,14,14,85,70,13,1,1,14.825082643421029,True,0.044718313135184096,0.8094835531484514,0.8639931244265181,14.825082643421029
8,0.1,29,61,14,14,87,72,13,1,1,15.56865422509125,True,0.044718313135184096,0.8230319945531468,1.4212261618215987,15.56865422509125
8,0.2,0,58,14,14,84,69,13,1,1,23.060717573103247,True,0.044718313135184096,1.164389182192542,3.0427576243334533,23.060717573103247
8,0.2,1,52,14,14,78,63,13,1,1,17.199760771508373,True,0.044718313135184096,0.959775619536864,1.4258732205281401,17.199760771508373
8,0.2,2,55,14,14,81,66,13,1,1,12.629170837563112,True,0.044718313135184096,0.9156221661342386,1.6075978071141503,12.629170837563112
8,0.2,3,56,14,16,85,68,15,1,1,18.749008900294957,True,0.044718313135184096,2.542694617594721,2.6727923699672917,18.749008900294957
8,0.2,4,51,14,14,77,62,13,1,1,13.124267536516236,True,0.044718313135184096,0.8310645457417936,1.4676152629168941,13.124267536516236
8,0.2,5,51,14,14,77,62,13,1,1,19.38530645388812,True,0.044718313135184096,2.1284709442855108,2.132357105397375,19.38530645388812
8,0.2,6,53,14,14,79,64,13,1,1,15.660009446180528,True,0.044718313135184096,1.2677519344601569,1.5952539767375011,15.660009446180528
8,0.2,7,48,14,14,73,58,13,1,1,13.20871584474375,True,0.044718313135184096,1.206653435176792,1.3144358996056535,13.20871584474375
8,0.2,8,49,14,14,72,57,13,1,1,17.042262889284206,True,0.044718313135184096,0.7048810476384813,1.241732438952594,17.042262889284206
8,0.2,9,51,14,14,77,62,13,1,1,16.141566973845226,True,0.044718313135184096,3.15839860518882,4.020769573717464,16.141566973845226
8,0.2,10,51,14,14,77,62,13,1,1,16.141566973845226,True,0.044718313135184096,3.15839860518882,4.020769573717464,16.141566973845226
8,0.2,11,51,14,14,77,62,13,1,1,9.925371027751025,True,0.044718313135184096,1.2530844832194978,1.486178167878653,9.925371027751025
8,0.2,12,47,14,14,72,57,13,1,1,14.043114031188413,True,0.044718313135184096,0.9981060933140355,2.212839884297244,14.043114031188413
8,0.2,13,53,14,16,83,66,15,1,1,15.695086583423105,True,0.044718313135184096,1.0797904849557238,1.4629408751426636,15.695086583423105
8,0.2,14,49,14,16,78,61,15,1,1,15.159660360460556,True,0.044718313135184096,2.479715842825942,3.397506436079049,15.159660360460556
8,0.2,15,53,14,14,79,64,13,1,1,11.788739243446068,True,0.044718313135184096,1.5223072396200976,2.312574082186037,11.788739243446068
8,0.2,16,55,14,16,84,67,15,1,1,17.984890014301715,True,0.044718313135184096,1.32067929261768,1.7038296828046198,17.984890014301715
8,0.2,17,54,14,14,80,65,13,1,1,17.92450558867496,True,0.044718313135184096,3.0056162508563227,3.838565298049448,17.92450558867496
8,0.2,18,53,14,14,77,62,13,1,1,14.148173442807696,True,0.044718313135184096,1.004166935356296,2.325328489639313,14.148173442807696
8,0.2,19,53,14,14,79,64,13,1,1,26.685218512870872,True,0.044718313135184096,3.495265122554591,3.6451817925251393,26.685218512870872
8,0.2,20,50,14,18,77,58,17,1,1,20.760874146263525,True,0.044718313135184096,1.214614080070702,2.1418851228672557,20.760874146263525
8,0.2,21,51,14,14,77,62,13,1,1,19.800545629267038,True,0.044718313135184096,1.052643813394716,3.263113548682947,19.800545629267038
8,0.2,22,53,14,16,83,66,15,1,1,14.219250817537668,True,0.044718313135184096,0.6600876638595529,1.2819001004945885,14.219250817537668
8,0.2,23,50,16,18,84,65,17,1,1,27.74969971748888,True,0.044718313135184096,3.9345630966754586,3.963911192175201,27.74969971748888
8,0.2,24,51,14,14,77,62,13,1,1,16.15193194156065,True,0.044718313135184096,1.7091615092681058,2.5715324777967505,16.15193194156065
8,0.2,25,48,14,16,76,59,15,1,1,23.120613606828133,True,0.044718313135184096,1.0890369674342408,1.5114875169347026,23.120613606828133
8,0.2,26,51,14,14,77,62,13,1,1,18.58832071753465,True,0.044718313135184096,3.4699210999123458,3.4992691954120883,18.58832071753465
8,0.2,27,45,14,14,70,55,13,1,1,14.248184840581828,True,0.044718313135184096,1.7184034276263993,2.645674470422953,14.248184840581828
8,0.2,28,45,14,14,70,55,13,1,1,14.248184840581828,True,0.044718313135184096,1.7184034276263993,2.645674470422953,14.248184840581828
8,0.2,29,56,14,14,82,67,13,1,1,18.140110070751735,True,0.044718313135184096,1.458178670071898,1.5496057754980523,18.140110070751735
8,0.3,0,52,14,14,78,63,13,1,1,7.500344765476009,True,0.044718313135184096,1.6676704372035693,1.671556598315434,7.500344765476009
8,0.3,1,53,14,16,83,66,15,1,1,11.40133641205833,True,0.044718313135184096,1.5668469246931562,1.6141314989349955,11.40133641205833
8,0.3,2,53,14,16,83,66,15,1,1,11.40133641205833,True,0.044718313135184096,1.5668469246931562,1.6141314989349955,11.40133641205833
8,0.3,3,44,14,16,70,53,15,1,1,15.480227756005043,True,0.044718313135184096,1.159398134339732,1.2487239077628751,15.480227756005043
8,0.3,4,44,14,16,70,53,15,1,1,15.480227756005043,True,0.044718313135184096,1.159398134339732,1.2487239077628751,15.480227756005043
8,0.3,5,43,18,20,74,53,19,1,1,29.420949377814022,True,0.044718313135184096,2.354420728175349,2.788230705434085,29.420949377814022
8,0.3,6,47,14,14,73,58,13,1,1,19.13804971428629,True,0.044718313135184096,1.2304494000681403,1.8157296698100933,19.13804971428629
8,0.3,7,46,14,14,72,57,13,1,1,17.161936996353187,True,0.044718313135184096,1.7842032348394383,3.258026611057086,17.161936996353187
8,0.3,8,46,14,14,72,57,13,1,1,17.161936996353187,True,0.044718313135184096,1.7842032348394383,3.258026611057086,17.161936996353187
8,0.3,9,46,14,14,72,57,13,1,1,17.161936996353187,True,0.044718313135184096,1.7842032348394383,3.258026611057086,17.161936996353187
8,0.3,10,46,14,14,72,57,13,1,1,17.161936996353187,True,0.044718313135184096,1.7842032348394383,3.258026611057086,17.161936996353187
8,0.3,11,45,14,14,59,44,13,1,1,15.134632098160067,True,0.044718313135184096,1.7348659565970106,2.0507735846069988,15.134632098160067
8,0.3,12,45,14,18,78,59,17,1,1,19.157660317569178,True,0.044718313135184096,1.373129197206815,2.152157079474526,19.157660317569178
8,0.3,13,42,14,16,69,52,15,1,1,17.057260234553137,True,0.044718313135184096,3.164607595659029,3.1751395114569787,17.057260234553137
8,0.3,14,42,14,16,69,52,15,1,1,17.057260234553137,True,0.044718313135184096,3.164607595659029,3.1751395114569787,17.057260234553137
8,0.3,15,45,14,14,68,53,13,1,1,21.376555405077227,True,0.044718313135184096,1.6790283591701876,3.0789045058167046,21.376555405077227
8,0.3,16,47,14,14,71,56,13,1,1,16.679764644895222,True,0.044718313135184096,2.544731119037604,3.122109497079593,16.679764644895222
8,0.3,17,49,16,16,79,62,15,1,1,27.0305861412635,True,0.044718313135184096,2.211805223739173,2.214270653920969,27.0305861412635
8,0.3,18,44,14,14,68,53,13,1,1,18.277087076564968,True,0.044718313135184096,4.612570468805805,5.766315894443445,18.277087076564968
8,0.3,19,50,14,14,76,61,13,1,1,28.37892678482784,True,0.044718313135184096,3.358004711902602,3.8241023128938783,28.37892678482784
8,0.3,20,50,14,14,76,61,13,1,1,28.37892678482784,True,0.044718313135184096,3.358004711902602,3.8241023128938783,28.37892678482784
8,0.3,21,50,14,14,76,61,13,1,1,28.37892678482784,True,0.044718313135184096,3.358004711902602,3.8241023128938783,28.37892678482784
8,0.3,22,50,14,14,76,61,13,1,1,28.37892678482784,True,0.044718313135184096,3.358004711902602,3.8241023128938783,28.37892678482784
8,0.3,23,48,14,14,73,58,13,1,1,17.278753519011264,True,0.044718313135184096,2.1836106448980495,3.520194851748501,17.278753519011264
8,0.3,24,48,14,14,73,58,13,1,1,17.278753519011264,True,0.044718313135184096,2.1836106448980495,3.520194851748501,17.278753519011264
8,0.3,25,43,14,16,61,44,15,1,1,15.674151383356511,True,0.044718313135184096,1.3607665609022905,1.7945765381610261,15.674151383356511
8,0.3,26,45,14,14,67,52,13,1,1,11.829259799758356,True,0.044718313135184096,1.2775989395736012,2.8335773984029204,11.829259799758356
8,0.3,27,50,14,14,76,61,13,1,1,16.26511601897458,True,0.044718313135184096,1.597664906845222,2.0637625078364983,16.26511601897458
8,0.3,28,50,14,14,76,61,13,1,1,16.26511601897458,True,0.044718313135184096,1.597664906845222,2.0637625078364983,16.26511601897458
8,0.3,29,50,14,14,76,61,13,1,1,16.26511601897458,True,0.044718313135184096,1.597664906845222,2.0637625078364983,16.26511601897458
10,0.0,0,100,18,20,138,117,19,1,1,25.25609366832197,True,0.044718313135184096,1.0065524315402588,2.2105349699176964,25.25609366832197
10,0.0,1,100,18,20,138,117,19,1,1,25.25609366832197,True,0.044718313135184096,1.0065524315402588,2.2105349699176964,25.25609366832197
10,0.0,2,100,18,20,138,117,19,1,1,25.25609366832197,True,0.044718313135184096,1.0065524315402588,2.2105349699176964,25.25609366832197
10,0.0,3,100,18,20,138,117,19,1,1,25.25609366832197,True,0.044718313135184096,1.0065524315402588,2.2105349699176964,25.25609366832197
10,0.0,4,100,18,20,138,117,19,1,1,25.25609366832197,True,0.044718313135184096,1.0065524315402588,2.2105349699176964,25.25609366832197
10,0.0,5,100,18,20,138,117,19,1,1,25.25609366832197,True,0.044718313135184096,1.0065524315402588,2.2105349699176964,25.25609366832197
10,0.0,6,100,18,20,138,117,19,1,1,25.25609366832197,True,0.044718313135184096,1.0065524315402588,2.2105349699176964,25.25609366832197
10,0.0,7,100,18,20,138,117,19,1,1,25.25609366832197,True,0.044718313135184096,1.0065524315402588,2.2105349699176964,25.25609366832197
10,0.0,8,100,18,20,138,117,19,1,1,25.25609366832197,True,0.044718313135184096,1.0065524315402588,2.2105349699176964,25.25609366832197
10,0.0,9,100,18,20,138,117,19,1,1,25.25609366832197,True,0.044718313135184096,1.0065524315402588,2.2105349699176964,25.25609366832197
10,0.0,10,100,18,20,138,117,19,1,1,25.25609366832197,True,0.044718313135184096,1.0065524315402588,2.2105349699176964,25.25609366832197
10,0.0,11,100,18,20,138,117,19,1,1,25.25609366832197,True,0.044718313135184096,1.0065524315402588,2.2105349699176964,25.25609366832197
10,0.0,12,100,18,20,138,117,19,1,1,25.25609366832197,True,0.044718313135184096,1.0065524315402588,2.2105349699176964,25.25609366832197
10,0.0,13,100,18,20,138,117,19,1,1,25.25609366832197,True,0.044718313135184096,1.0065524315402588,2.2105349699176964,25.25609366832197
10,0.0,14,100,18,20,138,117,19,1,1,25.25609366832197,True,0.044718313135184096,1.0065524315402588,2.2105349699176964,25.25609366832197
10,0.0,15,100,18,20,138,117,19,1,1,25.25609366832197,True,0.044718313135184096,1.0065524315402588,2.2105349699176964,25.25609366832197
10,0.0,16,100,18,20,138,117,19,1,1,25.25609366832197,True,0.044718313135184096,1.0065524315402588,2.2105349699176964,25.25609366832197
10,0.0,17,100,18,20,138,117,19,1,1,25.25609366832197,True,0.044718313135184096,1.0065524315402588,2.2105349699176964,25.25609366832197
10,0.0,18,100,18,20,138,117,19,1,1,25.25609366832197,True,0.044718313135184096,1.0065524315402588,2.2105349699176964,25.25609366832197
10,0.0,19,100,18,20,138,117,19,1,1,25.25609366832197,True,0.044718313135184096,1.0065524315402588,2.2105349699176964,25.25609366832197
10,0.0,20,100,18,20,138,117,19,1,1,25.25609366832197,True,0.044718313135184096,1.0065524315402588,2.2105349699176964,25.25609366832197
10,0.0,21,100,18,20,138,117,19,1,1,25.25609366832197,True,0.044718313135184096,1.0065524315402588,2.2105349699176964,25.25609366832197
10,0.0,22,100,18,20,138,117,19,1,1,25.25609366832197,True,0.044718313135184096,1.0065524315402588,2.2105349699176964,25.25609366832197
10,0.0,23,100,18,20,138,117,19,1,1,25.25609366832197,True,0.044718313135184096,1.0065524315402588,2.2105349699176964,25.25609366832197
10,0.0,24,100,18,20,138,117,19,1,1,25.25609366832197,True,0.044718313135184096,1.0065524315402588,2.2105349699176964,25.25609366832197
10,0.0,25,100,18,20,138,117,19,1,1,25.25609366832197,True,0.044718313135184096,1.0065524315402588,2.2105349699176964,25.25609366832197
10,0.0,26,100,18,20,138,117,19,1,1,25.25609366832197,True,0.044718313135184096,1.0065524315402588,2.2105349699176964,25.25609366832197
10,0.0,27,100,18,20,138,117,19,1,1,25.25609366832197,True,0.044718313135184096,1.0065524315402588,2.2105349699176964,25.25609366832197
10,0.0,28,100,18,20,138,117,19,1,1,25.25609366832197,True,0.044718313135184096,1.0065524315402588,2.2105349699176964,25.25609366832197
10,0.0,29,100,18,20,138,117,19,1,1,25.25609366832197,True,0.044718313135184096,1.0065524315402588,2.2105349699176964,25.25609366832197
10,0.1,0,95,18,20,133,112,19,1,1,17.902777963184423,True,0.044718313135184096,0.799556282921303,1.0899412577527676,17.902777963184423
10,0.1,1,89,18,20,127,106,19,1,1,15.088111353711014,True,0.044718313135184096,1.0740507233353425,1.1505355362373617,15.088111353711014
10,0.1,2,93,18,22,135,112,21,1,1,24.140704560574783,True,0.044718313135184096,2.168947852782552,2.200738497815171,24.140704560574783
10,0.1,3,88,18,20,126,105,19,1,1,21.97197454766886,True,0.044718313135184096,0.9230166358680588,2.250828417579878,21.97197454766886
10,0.1,4,90,18,20,128,107,19,1,1,15.286500565390204,True,0.044718313135184096,1.6396301601186198,2.553323536668784,15.286500565390204
10,0.1,5,87,18,24,133,108,23,1,1,23.881451600275938,True,0.044718313135184096,2.2379824934923933,3.897614786231828,23.881451600275938
10,0.1,6,90,18,22,132,109,21,1,1,15.853440827977934,True,0.044718313135184096,0.9560005841813548,1.6782859370315473,15.853440827977934
10,0.1,7,87,18,20,125,104,19,1,1,26.32863770284513,True,0.044718313135184096,1.8147368635277719,2.6777673421402337,26.32863770284513
10,0.1,8,89,18,20,126,105,19,1,1,14.428560639561008,True,0.044718313135184096,0.876755004922177,1.0558486748568656,14.428560639561008
10,0.1,9,84,18,18,116,97,17,1,1,15.6312592167346,True,0.044718313135184096,1.4539537981315238,1.8494222190947003,15.6312592167346
10,0.1,10,91,18,18,125,106,17,1,1,16.42216270923922,True,0.044718313135184096,1.5932359332632662,1.8364921424437406,16.42216270923922
10,0.1,11,87,18,18,121,102,17,1,1,18.247626768129987,True,0.044718313135184096,1.8148793955749354,2.210347816538112,18.247626768129987
10,0.1,12,86,18,20,124,103,19,1,1,16.894476946610972,True,0.044718313135184096,1.2717836238048694,3.605541434144209,16.894476946610972
10,0.1,13,96,18,20,134,113,19,1,1,20.26403583651635,True,0.044718313135184096,0.9931145371812415,1.8624622494841347,20.26403583651635
10,0.1,14,90,18,20,128,107,19,1,1,24.78323721417695,True,0.044718313135184096,1.128804850650354,2.671765657220914,24.78323721417695
10,0.1,15,88,18,18,122,103,17,1,1,19.290808583331287,True,0.044718313135184096,1.4772237393157326,2.3402542179281944,19.290808583331287
10,0.1,16,88,18,18,122,103,17,1,1,12.301780951515322,True,0.044718313135184096,0.8676897132907088,0.9473239791477346,12.301780951515322
10,0.1,17,90,18,18,123,104,17,1,1,13.291170231115402,True,0.044718313135184096,1.6760257160950383,3.003285205262755,13.291170231115402
10,0.1,18,96,18,20,134,113,19,1,1,25.514636112375133,True,0.044718313135184096,1.4593522193391628,1.4993631852544937,25.514636112375133
10,0.1,19,90,18,18,124,105,17,1,1,12.682756974390017,True,0.044718313135184096,2.3878934304780413,4.0475257232174755,12.682756974390017
10,0.1,20,86,18,20,124,103,19,1,1,21.197356895896863,True,0.044718313135184096,1.0721413978223635,1.8214970349143413,21.197356895896863
10,0.1,21,92,18,20,130,109,19,1,1,15.528448193276088,True,0.044718313135184096,1.1088581463198115,1.831143499170004,15.528448193276088
10,0.1,22,92,18,18,126,107,17,1,1,15.236794016634265,True,0.044718313135184096,1.7548320975707716,4.591248767273551,15.236794016634265
10,0.1,23,90,18,22,132,109,21,1,1,18.353611085933778,True,0.044718313135184096,1.0382290007600672,3.8746456704628462,18.353611085933778
10,0.1,24,92,18,18,126,107,17,1,1,13.097794265713102,True,0.044718313135184096,1.2533048302654368,1.285095475298056,13.097794265713102
10,0.1,25,90,18,18,124,105,17,1,1,19.140596191640643,True,0.044718313135184096,1.4999747536788344,1.5147748936499723,19.140596191640643
10,0.1,26,88,18,18,122,103,17,1,1,21.258308810007293,True,0.044718313135184096,1.2154403114677867,3.533973185484203,21.258308810007293
10,0.1,27,88,18,18,122,103,17,1,1,21.258308810007293,True,0.044718313135184096,1.2154403114677867,3.533973185484203,21.258308810007293
10,0.1,28,92,18,18,126,107,17,1,1,11.394033631264113,True,0.044718313135184096,0.850438439147492,0.8652385791186298,11.394033631264113
10,0.1,29,93,18,20,131,110,19,1,1,15.47186246599341,True,0.044718313135184096,1.082782592806238,1.943147995522422,15.47186246599341
10,0.2,0,90,18,18,124,105,17,1,1,15.039817628671894,True,0.044718313135184096,1.1414616190374207,4.125495990128814,15.039817628671894
10,0.2,1,82,18,18,115,96,17,1,1,16.76352568394786,True,0.044718313135184096,1.8315593150467973,2.0453752568750794,16.76352568394786
10,0.2,2,82,18,18,115,96,17,1,1,16.76352568394786,True,0.044718313135184096,1.8315593150467973,2.0453752568750794,16.76352568394786
10,0.2,3,82,18,18,115,96,17,1,1,16.76352568394786,True,0.044718313135184096,1.8315593150467973,2.0453752568750794,16.76352568394786
10,0.2,4,77,18,18,109,90,17,1,1,21.389496437018668,True,0.044718313135184096,1.9185319124281826,3.246343694140002,21.389496437018668
10,0.2,5,76,18,22,117,94,21,1,1,18.53867976901997,True,0.044718313135184096,1.12976863161262,1.727962798881072,18.53867976901997
10,0.2,6,82,18,18,115,96,17,1,1,13.66699565759221,True,0.044718313135184096,1.3188204605626574,2.859493759830041,13.66699565759221
10,0.2,7,77,18,18,111,92,17,1,1,15.150592780783306,True,0.044718313135184096,1.6206158357891765,1.9354210109914252,15.150592780783306
10,0.2,8,80,18,20,117,96,19,1,1,19.630814402222594,True,0.044718313135184096,1.7541538107273693,3.247154761805372,19.630814402222594
10,0.2,9,80,18,20,117,96,19,1,1,19.630814402222594,True,0.044718313135184096,1.7541538107273693,3.247154761805372,19.630814402222594
10,0.2,10,80,18,20,117,96,19,1,1,19.630814402222594,True,0.044718313135184096,1.7541538107273693,3.247154761805372,19.630814402222594
10,0.2,11,77,18,18,111,92,17,1,1,31.88435810285027,True,0.044718313135184096,2.8851506099772113,3.5024873553171236,31.88435810285027
10,0.2,12,74,18,18,106,87,17,1,1,27.06418048991688,True,0.044718313135184096,1.8198827321250735,5.758416955530464,27.06418048991688
10,0.2,13,82,18,20,120,99,19,1,1,20.437066889427836,True,0.044718313135184096,2.67549755479176,5.0092553651311,20.437066889427836
10,0.2,14,76,18,18,110,91,17,1,1,20.337969695966233,True,0.044718313135184096,3.9144372109732615,4.188082047690072,20.337969695966233
10,0.2,15,81,18,22,123,100,21,1,1,16.412830847877675,True,0.044718313135184096,1.4316385934950864,1.8626091308189132,16.412830847877675
10,0.2,16,77,18,20,110,89,19,1,1,22.440412307036453,True,0.044718313135184096,1.2985936944614451,1.6133988696636938,22.440412307036453
10,0.2,17,81,18,18,113,94,17,1,1,18.49906210168686,True,0.044718313135184096,1.4419449596691574,3.4645386120166006,18.49906210168686
10,0.2,18,81,18,18,113,94,17,1,1,18.49906210168686,True,0.044718313135184096,1.4419449596691574,3.4645386120166006,18.49906210168686
10,0.2,19,80,18,20,118,97,19,1,1,17.837466290101602,True,0.044718313135184096,1.429506741982289,2.2895637953114303,17.837466290101602
10,0.2,20,73,18,18,103,84,17,1,1,20.281028470686685,True,0.044718313135184096,2.3600162978283956,2.856002224191586,20.281028470686685
10,0.2,21,82,18,18,115,96,17,1,1,22.125826986686427,True,0.044718313135184096,1.7629859166352777,4.408158703472326,22.125826986686427
10,0.2,22,84,18,20,122,101,19,1,1,24.232602752072935,True,0.044718313135184096,2.632141685682371,4.965899496021711,24.232602752072935
10,0.2,23,78,18,20,116,95,19,1,1,18.855047109352558,True,0.044718313135184096,2.8676572557460034,3.9521135288321725,18.855047109352558
10,0.2,24,83,18,18,116,97,17,1,1,17.517524337220213,True,0.044718313135184096,1.9762784950367864,2.7256341321287643,17.517524337220213
10,0.2,25,77,18,18,111,92,17,1,1,21.515372285657136,True,0.044718313135184096,1.698458466636369,3.2505797853762264,21.515372285657136
10,0.2,26,80,20,22,122,99,21,1,1,16.19836738317668,True,0.044718313135184096,3.1737974629627796,3.999105355583188,16.19836738317668
10,0.2,27,80,20,22,122,99,21,1,1,16.19836738317668,True,0.044718313135184096,3.1737974629627796,3.999105355583188,16.19836738317668
10,0.2,28,74,18,20,109,88,19,1,1,24.654016110809717,True,0.044718313135184096,4.982792571003758,5.2564374077205684,24.654016110809717
10,0.2,29,81,18,22,123,100,21,1,1,21.554984063666595,True,0.044718313135184096,1.6014614902713544,3.094462441349357,21.554984063666595
10,0.3,0,82,18,20,120,99,19,1,1,18.683053637880814,True,0.044718313135184096,1.6100193241663614,1.7093756643417508,18.683053637880814
10,0.3,1,68,18,18,99,80,17,1,1,23.915826187974545,True,0.044718313135184096,1.2829492420311661,1.3122973375309086,23.915826187974545
10,0.3,2,68,18,18,99,80,17,1,1,23.915826187974545,True,0.044718313135184096,1.2829492420311661,1.3122973375309086,23.915826187974545
10,0.3,3,68,18,18,99,80,17,1,1,23.915826187974545,True,0.044718313135184096,1.2829492420311661,1.3122973375309086,23.915826187974545
10,0.3,4,68,18,18,99,80,17,1,1,23.915826187974545,True,0.044718313135184096,1.2829492420311661,1.3122973375309086,23.915826187974545
10,0.3,5,68,18,18,99,80,17,1,1,23.915826187974545,True,0.044718313135184096,1.2829492420311661,1.3122973375309086,23.915826187974545
10,0.3,6,74,18,18,107,88,17,1,1,21.91317147883131,True,0.044718313135184096,3.1968911041746173,7.135425327580008,21.91317147883131
10,0.3,7,68,18,18,100,81,17,1,1,22.787039917296937,True,0.044718313135184096,1.7613554237543365,1.9000216113757884,22.787039917296937
10,0.3,8,73,24,26,120,93,25,1,1,30.815697089561407,True,0.044718313135184096,2.1976886105855558,6.136222833990947,30.815697089561407
10,0.3,9,73,24,26,120,93,25,1,1,30.815697089561407,True,0.044718313135184096,2.1976886105855558,6.136222833990947,30.815697089561407
10,0.3,10,73,24,26,120,93,25,1,1,30.815697089561407,True,0.044718313135184096,2.1976886105855558,6.136222833990947,30.815697089561407
10,0.3,11,67,18,20,101,80,19,1,1,16.874608997221305,True,0.044718313135184096,1.5968441072675232,2.2186565439025587,16.874608997221305
10,0.3,12,67,18,20,101,80,19,1,1,16.874608997221305,True,0.044718313135184096,1.5968441072675232,2.2186565439025587,16.874608997221305
10,0.3,13,67,18,20,101,80,19,1,1,16.874608997221305,True,0.044718313135184096,1.5968441072675232,2.2186565439025587,16.874608997221305
10,0.3,14,67,18,20,101,80,19,1,1,16.874608997221305,True,0.044718313135184096,1.5968441072675232,2.2186565439025587,16.874608997221305
10,0.3,15,67,18,20,101,80,19,1,1,16.874608997221305,True,0.044718313135184096,1.5968441072675232,2.2186565439025587,16.874608997221305
10,0.3,16,67,18,20,101,80,19,1,1,16.874608997221305,True,0.044718313135184096,1.5968441072675232,2.2186565439025587,16.874608997221305
10,0.3,17,80,18,18,114,95,17,1,1,30.040711606303677,True,0.044718313135184096,1.7880307628792904,3.899960820268668,30.040711606303677
10,0.3,18,80,18,18,114,95,17,1,1,30.040711606303677,True,0.044718313135184096,1.7880307628792904,3.899960820268668,30.040711606303677
10,0.3,19,80,18,18,114,95,17,1,1,30.040711606303677,True,0.044718313135184096,1.7880307628792904,3.899960820268668,30.040711606303677
10,0.3,20,80,18,18,114,95,17,1,1,30.040711606303677,True,0.044718313135184096,1.7880307628792904,3.899960820268668,30.040711606303677
10,0.3,21,80,18,18,114,95,17,1,1,30.040711606303677,True,0.044718313135184096,1.7880307628792904,3.899960820268668,30.040711606303677
10,0.3,22,80,18,18,114,95,17,1,1,30.040711606303677,True,0.044718313135184096,1.7880307628792904,3.899960820268668,30.040711606303677
10,0.3,23,71,18,18,103,84,17,1,1,25.0350668674851,True,0.044718313135184096,1.8349996616013011,2.3309855879644914,25.0350668674851
10,0.3,24,75,18,20,99,78,19,1,1,24.606772423881036,True,0.044718313135184096,1.2876257408184124,3.1659941829593237,24.606772423881036
10,0.3,25,62,18,18,92,73,17,1,1,24.559208085519614,True,0.044718313135184096,4.3259613473167144,4.79205894830799,24.559208085519614
10,0.3,26,62,18,18,92,73,17,1,1,24.559208085519614,True,0.044718313135184096,4.3259613473167144,4.79205894830799,24.559208085519614
10,0.3,27,62,18,18,92,73,17,1,1,24.559208085519614,True,0.044718313135184096,4.3259613473167144,4.79205894830799,24.559208085519614
10,0.3,28,62,18,18,92,73,17,1,1,24.559208085519614,True,0.044718313135184096,4.3259613473167144,4.79205894830799,24.559208085519614
10,0.3,29,72,18,20,107,86,19,1,1,23.983454467697673,True,0.044718313135184096,2.1082432319835354,2.3793818385514296,23.983454467697673
12,0.0,0,144,22,24,190,165,23,1,1,31.899521701245252,True,0.044718313135184096,0.8630782928089786,2.0224687760886866,31.899521701245252
12,0.0,1,144,22,24,190,165,23,1,1,31.899521701245252,True,0.044718313135184096,0.8630782928089786,2.0224687760886866,31.899521701245252
12,0.0,2,144,22,24,190,165,23,1,1,31.899521701245252,True,0.044718313135184096,0.8630782928089786,2.0224687760886866,31.899521701245252
12,0.0,3,144,22,24,190,165,23,1,1,31.899521701245252,True,0.044718313135184096,0.8630782928089786,2.0224687760886866,31.899521701245252
12,0.0,4,144,22,24,190,165,23,1,1,31.899521701245252,True,0.044718313135184096,0.8630782928089786,2.0224687760886866,31.899521701245252
12,0.0,5,144,22,24,190,165,23,1,1,31.899521701245252,True,0.044718313135184096,0.8630782928089786,2.0224687760886866,31.899521701245252
12,0.0,6,144,22,24,190,165,23,1,1,31.899521701245252,True,0.044718313135184096,0.8630782928089786,2.0224687760886866,31.899521701245252
12,0.0,7,144,22,24,190,165,23,1,1,31.899521701245252,True,0.044718313135184096,0.8630782928089786,2.0224687760886866,31.899521701245252
12,0.0,8,144,22,24,190,165,23,1,1,31.899521701245252,True,0.044718313135184096,0.8630782928089786,2.0224687760886866,31.899521701245252
12,0.0,9,144,22,24,190,165,23,1,1,31.899521701245252,True,0.044718313135184096,0.8630782928089786,2.0224687760886866,31.899521701245252
12,0.0,10,144,22,24,190,165,23,1,1,31.899521701245252,True,0.044718313135184096,0.8630782928089786,2.0224687760886866,31.899521701245252
12,0.0,11,144,22,24,190,165,23,1,1,31.899521701245252,True,0.044718313135184096,0.8630782928089786,2.0224687760886866,31.899521701245252
12,0.0,12,144,22,24,190,165,23,1,1,31.899521701245252,True,0.044718313135184096,0.8630782928089786,2.0224687760886866,31.899521701245252
12,0.0,13,144,22,24,190,165,23,1,1,31.899521701245252,True,0.044718313135184096,0.8630782928089786,2.0224687760886866,31.899521701245252
12,0.0,14,144,22,24,190,165,23,1,1,31.899521701245252,True,0.044718313135184096,0.8630782928089786,2.0224687760886866,31.899521701245252
12,0.0,15,144,22,24,190,165,23,1,1,31.899521701245252,True,0.044718313135184096,0.8630782928089786,2.0224687760886866,31.899521701245252
12,0.0,16,144,22,24,190,165,23,1,1,31.899521701245252,True,0.044718313135184096,0.8630782928089786,2.0224687760886866,31.899521701245252
12,0.0,17,144,22,24,190,165,23,1,1,31.899521701245252,True,0.044718313135184096,0.8630782928089786,2.0224687760886866,31.899521701245252
12,0.0,18,144,22,24,190,165,23,1,1,31.899521701245252,True,0.044718313135184096,0.8630782928089786,2.0224687760886866,31.899521701245252
12,0.0,19,144,22,24,190,165,23,1,1,31.899521701245252,True,0.044718313135184096,0.8630782928089786,2.0224687760886866,31.899521701245252
12,0.0,20,144,22,24,190,165,23,1,1,31.899521701245252,True,0.044718313135184096,0.8630782928089786,2.0224687760886866,31.899521701245252
12,0.0,21,144,22,24,190,165,23,1,1,31.899521701245252,True,0.044718313135184096,0.8630782928089786,2.0224687760886866,31.899521701245252
12,0.0,22,144,22,24,190,165,23,1,1,31.899521701245252,True,0.044718313135184096,0.8630782928089786,2.0224687760886866,31.899521701245252
12,0.0,23,144,22,24,190,165,23,1,1,31.899521701245252,True,0.044718313135184096,0.8630782928089786,2.0224687760886866,31.899521701245252
12,0.0,24,144,22,24,190,165,23,1,1,31.899521701245252,True,0.044718313135184096,0.8630782928089786,2.0224687760886866,31.899521701245252
12,0.0,25,144,22,24,190,165,23,1,1,31.899521701245252,True,0.044718313135184096,0.8630782928089786,2.0224687760886866,31.899521701245252
12,0.0,26,144,22,24,190,165,23,1,1,31.899521701245252,True,0.044718313135184096,0.8630782928089786,2.0224687760886866,31.899521701245252
12,0.0,27,144,22,24,190,165,23,1,1,31.899521701245252,True,0.044718313135184096,0.8630782928089786,2.0224687760886866,31.899521701245252
12,0.0,28,144,22,24,190,165,23,1,1,31.899521701245252,True,0.044718313135184096,0.8630782928089786,2.0224687760886866,31.899521701245252
12,0.0,29,144,22,24,190,165,23,1,1,31.899521701245252,True,0.044718313135184096,0.8630782928089786,2.0224687760886866,31.899521701245252
12,0.1,0,133,22,24,179,154,23,1,1,20.835799624579042,True,0.044718313135184096,1.5838117215580318,1.690304557223159,20.835799624579042
12,0.1,1,126,22,22,168,145,21,1,1,23.004764467120687,True,0.044718313135184096,0.7486757192624276,1.2514838574156903,23.004764467120687
12,0.1,2,130,22,24,176,151,23,1,1,24.528375095010595,True,0.044718313135184096,2.293439583732564,2.5533518668393156,24.528375095010595
12,0.1,3,126,22,22,168,145,21,1,1,13.83574969470858,True,0.044718313135184096,1.4357655111210539,1.9385736492743169,13.83574969470858
12,0.1,4,127,22,22,169,146,21,1,1,14.955062894721147,True,0.044718313135184096,1.4164939990543188,2.1328446046887706,14.955062894721147
12,0.1,5,127,22,22,169,146,21,1,1,22.35684217307538,True,0.044718313135184096,0.8050839413110986,0.8680982870720779,22.35684217307538
12,0.1,6,130,22,24,176,151,23,1,1,27.320848609742722,True,0.044718313135184096,2.622951991139523,5.209972963525715,27.320848609742722
12,0.1,7,124,22,24,168,143,23,1,1,20.605912442027083,True,0.044718313135184096,1.7604324871020052,2.020344770208757,20.605912442027083
12,0.1,8,127,22,22,169,146,21,1,1,35.31531663117968,True,0.044718313135184096,1.2247970108656039,5.863555045152534,35.31531663117968
12,0.1,9,122,22,24,168,143,23,1,1,23.08032480333604,True,0.044718313135184096,1.3173984105307586,2.6180722496305258,23.08032480333604
12,0.1,10,130,22,24,176,151,23,1,1,22.92270852618066,True,0.044718313135184096,1.2812707630336961,5.920028797320626,22.92270852618066
12,0.1,11,129,22,24,175,150,23,1,1,25.141151780746682,True,0.044718313135184096,1.3322008661326878,1.4993142004753435,25.141151780746682
12,0.1,12,129,22,24,175,150,23,1,1,25.141151780746682,True,0.044718313135184096,1.3322008661326878,1.4993142004753435,25.141151780746682
12,0.1,13,131,22,22,173,150,21,1,1,18.38123646808667,True,0.044718313135184096,3.0252141655208673,4.202031214649812,18.38123646808667
12,0.1,14,134,22,26,184,157,25,1,1,23.38051299547931,True,0.044718313135184096,1.6176842715377566,3.484900281837268,23.38051299547931
12,0.1,15,128,22,22,170,147,21,1,1,23.163868567202716,True,0.044718313135184096,1.3778718346439562,1.9837588056322093,23.163868567202716
12,0.1,16,128,22,24,174,149,23,1,1,23.396691951609878,True,0.044718313135184096,1.0939979964168263,2.37889086216766,23.396691951609878
12,0.1,17,131,22,22,173,150,21,1,1,20.559668505865996,True,0.044718313135184096,1.029548767388741,5.668306801675671,20.559668505865996
12,0.1,18,136,22,24,182,157,23,1,1,17.249172058047723,True,0.044718313135184096,1.3247426950788794,1.5637939695381098,17.249172058047723
12,0.1,19,130,22,28,184,155,27,1,1,21.14378346686332,True,0.044718313135184096,1.317488339320914,1.4184932747938064,21.14378346686332
12,0.1,20,125,22,24,171,146,23,1,1,37.96817417081159,True,0.044718313135184096,1.2767650716820271,2.272296301085192,37.96817417081159
12,0.1,21,130,22,24,176,151,23,1,1,31.28872859337545,True,0.044718313135184096,1.3044099198615728,5.943167954148503,31.28872859337545
12,0.1,22,130,22,22,172,149,21,1,1,17.804071984793513,True,0.044718313135184096,1.061233852670217,1.3211461357769685,17.804071984793513
12,0.1,23,131,22,24,177,152,23,1,1,21.290453044575496,True,0.044718313135184096,1.1567279112039104,2.3335449603328557,21.290453044575496
12,0.1,24,130,22,26,180,153,25,1,1,27.24245615916615,True,0.044718313135184096,1.2304843889224608,1.3804906563688044,27.24245615916615
12,0.1,25,129,22,26,179,152,25,1,1,19.5148753544028,True,0.044718313135184096,2.4159770030354526,2.583090337378108,19.5148753544028
12,0.1,26,118,22,22,159,136,21,1,1,29.646321602639986,True,0.044718313135184096,1.7630744568559424,2.301490058986512,29.646321602639986
12,0.1,27,128,22,24,174,149,23,1,1,20.990153526639116,True,0.044718313135184096,2.027357345008302,2.7437079506427535,20.990153526639116
12,0.1,28,129,22,22,171,148,21,1,1,25.150653324250985,True,0.044718313135184096,1.0957406071175437,1.636150277636239,25.150653324250985
12,0.1,29,134,22,22,176,153,21,1,1,23.17450441448166,True,0.044718313135184096,1.032925612698144,1.0570072282310026,23.17450441448166
12,0.2,0,121,22,24,166,141,23,1,1,23.11050224539578,True,0.044718313135184096,1.1765740167528465,1.303425854571794,23.11050224539578
12,0.2,1,116,22,24,162,137,23,1,1,34.513611713318625,True,0.044718313135184096,2.503065722882676,3.4299477278216637,34.513611713318625
12,0.2,2,116,22,22,158,135,21,1,1,19.227312384090908,True,0.044718313135184096,1.655386247397794,3.3383363657472147,19.227312384090908
12,0.2,3,120,22,24,166,141,23,1,1,28.692078133826296,True,0.044718313135184096,1.7417416408591748,2.5220045181365847,28.692078133826296
12,0.2,4,110,22,24,149,124,23,1,1,26.897036885053534,True,0.044718313135184096,2.501067615043208,3.3640980936556693,26.897036885053534
12,0.2,5,111,22,22,149,126,21,1,1,25.695242846092352,True,0.044718313135184096,2.711606404142316,2.95486261332279,25.695242846092352
12,0.2,6,119,22,22,160,137,21,1,1,30.979495547792336,True,0.044718313135184096,1.0693038412353433,2.4708525697073216,30.979495547792336
12,0.2,7,108,22,22,149,126,21,1,1,19.202473854886257,True,0.044718313135184096,1.2303961014466398,2.1440894779968036,19.202473854886257
12,0.2,8,108,22,22,149,126,21,1,1,19.202473854886257,True,0.044718313135184096,1.2303961014466398,2.1440894779968036,19.202473854886257
12,0.2,9,107,22,26,155,128,25,1,1,26.25361203611338,True,0.044718313135184096,1.9854911559931852,2.799381572913268,26.25361203611338
12,0.2,10,116,22,26,166,139,25,1,1,22.296337537777752,True,0.044718313135184096,1.5107735893600205,2.298213059803938,22.296337537777752
12,0.2,11,115,22,24,160,135,23,1,1,26.148773043388243,True,0.044718313135184096,1.4829198790405944,2.1703497636155977,26.148773043388243
12,0.2,12,115,22,24,160,135,23,1,1,26.148773043388243,True,0.044718313135184096,1.4829198790405944,2.1703497636155977,26.148773043388243
12,0.2,13,115,22,24,160,135,23,1,1,26.148773043388243,True,0.044718313135184096,1.4829198790405944,2.1703497636155977,26.148773043388243
12,0.2,14,111,22,26,160,133,25,1,1,27.86246443813331,True,0.044718313135184096,1.9359261160087549,4.797734797977338,27.86246443813331
12,0.2,15,111,22,26,160,133,25,1,1,27.86246443813331,True,0.044718313135184096,1.9359261160087549,4.797734797977338,27.86246443813331
12,0.2,16,111,22,26,160,133,25,1,1,27.86246443813331,True,0.044718313135184096,1.9359261160087549,4.797734797977338,27.86246443813331
12,0.2,17,120,22,24,163,138,23,1,1,32.549325749141985,True,0.044718313135184096,1.4689956120389067,4.082726290698984,32.549325749141985
12,0.2,18,118,22,22,160,137,21,1,1,25.976518479883254,True,0.044718313135184096,1.6595937320408995,2.3081830911585306,25.976518479883254
12,0.2,19,117,22,30,175,144,29,1,1,31.98307310199605,True,0.044718313135184096,1.812403993636063,2.29143785645764,31.98307310199605
12,0.2,20,109,22,22,150,127,21,1,1,16.10803099807633,True,0.044718313135184096,1.8671864493376713,2.681076866257754,16.10803099807633
12,0.2,21,119,22,24,165,140,23,1,1,22.29083286108764,True,0.044718313135184096,1.5166993843096217,4.130430062969699,22.29083286108764
12,0.2,22,118,22,22,160,137,21,1,1,22.872150199349075,True,0.044718313135184096,2.482558759461967,3.3519064717648606,22.872150199349075
12,0.2,23,116,22,22,158,135,21,1,1,34.59293201360776,True,0.044718313135184096,1.2652078804849136,1.3088279099610662,34.59293201360776
12,0.2,24,117,22,22,158,135,21,1,1,23.327488500713425,True,0.044718313135184096,2.1520390503692526,3.553587778841231,23.327488500713425
12,0.2,25,113,22,24,159,134,23,1,1,21.009326477039323,True,0.044718313135184096,2.308857553106437,2.3524775825825897,21.009326477039323
12,0.2,26,108,24,24,146,121,23,1,1,22.084785102058273,True,0.044718313135184096,1.7761254770029122,4.094658351019328,22.084785102058273
12,0.2,27,113,22,24,157,132,23,1,1,25.86199523492352,True,0.044718313135184096,2.1778527066725246,2.421108915852999,25.86199523492352
12,0.2,28,120,22,22,162,139,21,1,1,23.919644560775872,True,0.044718313135184096,1.2284860819577672,2.661092678862448,23.919644560775872
12,0.2,29,120,22,22,162,139,21,1,1,23.919644560775872,True,0.044718313135184096,1.2284860819577672,2.661092678862448,23.919644560775872
12,0.3,0,108,22,22,149,126,21,1,1,21.687742024981677,True,0.044718313135184096,1.5804177591474078,3.3743128435555727,21.687742024981677
12,0.3,1,99,22,22,136,113,21,1,1,21.177202529800553,True,0.044718313135184096,4.1693885794395955,4.3206355122610605,21.177202529800553
12,0.3,2,99,22,22,136,113,21,1,1,21.177202529800553,True,0.044718313135184096,4.1693885794395955,4.3206355122610605,21.177202529800553
12,0.3,3,99,22,22,136,113,21,1,1,21.177202529800553,True,0.044718313135184096,4.1693885794395955,4.3206355122610605,21.177202529800553
12,0.3,4,99,22,22,136,113,21,1,1,21.177202529800553,True,0.044718313135184096,4.1693885794395955,4.3206355122610605,21.177202529800553
12,0.3,5,99,22,22,136,113,21,1,1,21.177202529800553,True,0.044718313135184096,4.1693885794395955,4.3206355122610605,21.177202529800553
12,0.3,6,107,22,22,149,126,21,1,1,22.92510168548687,True,0.044718313135184096,2.7501261966368036,4.409758489376238,22.92510168548687
12,0.3,7,94,24,24,128,103,23,1,1,26.202224105560212,True,0.044718313135184096,2.4794787948668935,3.6587130513886783,26.202224105560212
12,0.3,8,94,24,24,128,103,23,1,1,26.202224105560212,True,0.044718313135184096,2.4794787948668935,3.6587130513886783,26.202224105560212
12,0.3,9,94,24,24,128,103,23,1,1,26.202224105560212,True,0.044718313135184096,2.4794787948668935,3.6587130513886783,26.202224105560212
12,0.3,10,107,22,24,153,128,23,1,1,22.586287378822576,True,0.044718313135184096,2.4622351619398475,2.641328831874536,22.586287378822576
12,0.3,11,96,22,24,132,107,23,1,1,24.16434840001454,True,0.044718313135184096,3.0287061075465713,3.0335685534381946,24.16434840001454
12,0.3,12,96,22,24,132,107,23,1,1,24.16434840001454,True,0.044718313135184096,3.0287061075465713,3.0335685534381946,24.16434840001454
12,0.3,13,96,22,24,132,107,23,1,1,24.16434840001454,True,0.044718313135184096,3.0287061075465713,3.0335685534381946,24.16434840001454
12,0.3,14,96,22,24,132,107,23,1,1,24.16434840001454,True,0.044718313135184096,3.0287061075465713,3.0335685534381946,24.16434840001454
12,0.3,15,96,22,24,132,107,23,1,1,24.16434840001454,True,0.044718313135184096,3.0287061075465713,3.0335685534381946,24.16434840001454
12,0.3,16,96,22,24,132,107,23,1,1,24.16434840001454,True,0.044718313135184096,3.0287061075465713,3.0335685534381946,24.16434840001454
12,0.3,17,107,22,22,146,123,21,1,1,21.924698604748034,True,0.044718313135184096,2.9787571782294355,3.701042531079628,21.924698604748034
12,0.3,18,104,22,24,149,124,23,1,1,15.636178014705939,True,0.044718313135184096,4.7451811345274635,4.9242748044621525,15.636178014705939
12,0.3,19,104,22,24,149,124,23,1,1,15.636178014705939,True,0.044718313135184096,4.7451811345274635,4.9242748044621525,15.636178014705939
12,0.3,20,104,22,24,149,124,23,1,1,15.636178014705939,True,0.044718313135184096,4.7451811345274635,4.9242748044621525,15.636178014705939
12,0.3,21,104,22,24,149,124,23,1,1,15.636178014705939,True,0.044718313135184096,4.7451811345274635,4.9242748044621525,15.636178014705939
12,0.3,22,105,22,22,147,124,21,1,1,25.694430466249035,True,0.044718313135184096,2.01704629690638,2.1663016893397677,25.694430466249035
12,0.3,23,104,22,22,128,105,21,1,1,19.131382809564837,True,0.044718313135184096,3.3156562506945173,3.4150125908699067,19.131382809564837
12,0.3,24,106,22,28,159,130,27,1,1,27.460717659495106,True,0.044718313135184096,2.088229148717462,2.889822605817321,27.460717659495106
12,0.3,25,104,22,22,139,116,21,1,1,26.60652330496885,True,0.044718313135184096,3.975370910019633,4.377375345723749,26.60652330496885
12,0.3,26,104,22,22,139,116,21,1,1,26.60652330496885,True,0.044718313135184096,3.975370910019633,4.377375345723749,26.60652330496885
12,0.3,27,104,22,22,139,116,21,1,1,26.60652330496885,True,0.044718313135184096,3.975370910019633,4.377375345723749,26.60652330496885
12,0.3,28,106,22,24,152,127,23,1,1,26.72777066880578,True,0.044718313135184096,2.658289581846369,3.936464715255152,26.72777066880578
12,0.3,29,106,22,24,152,127,23,1,1,26.72777066880578,True,0.044718313135184096,2.658289581846369,3.936464715255152,26.72777066880578
15,0.0,0,225,28,32,287,254,31,1,1,32.021865147387324,True,0.044718313135184096,1.197484631602397,1.3930970197887376,32.021865147387324
15,0.0,1,225,28,32,287,254,31,1,1,32.021865147387324,True,0.044718313135184096,1.197484631602397,1.3930970197887376,32.021865147387324
15,0.0,2,225,28,32,287,254,31,1,1,32.021865147387324,True,0.044718313135184096,1.197484631602397,1.3930970197887376,32.021865147387324
15,0.0,3,225,28,32,287,254,31,1,1,32.021865147387324,True,0.044718313135184096,1.197484631602397,1.3930970197887376,32.021865147387324
15,0.0,4,225,28,32,287,254,31,1,1,32.021865147387324,True,0.044718313135184096,1.197484631602397,1.3930970197887376,32.021865147387324
15,0.0,5,225,28,32,287,254,31,1,1,32.021865147387324,True,0.044718313135184096,1.197484631602397,1.3930970197887376,32.021865147387324
15,0.0,6,225,28,32,287,254,31,1,1,32.021865147387324,True,0.044718313135184096,1.197484631602397,1.3930970197887376,32.021865147387324
15,0.0,7,225,28,32,287,254,31,1,1,32.021865147387324,True,0.044718313135184096,1.197484631602397,1.3930970197887376,32.021865147387324
15,0.0,8,225,28,32,287,254,31,1,1,32.021865147387324,True,0.044718313135184096,1.197484631602397,1.3930970197887376,32.021865147387324
15,0.0,9,225,28,32,287,254,31,1,1,32.021865147387324,True,0.044718313135184096,1.197484631602397,1.3930970197887376,32.021865147387324
15,0.0,10,225,28,32,287,254,31,1,1,32.021865147387324,True,0.044718313135184096,1.197484631602397,1.3930970197887376,32.021865147387324
15,0.0,11,225,28,32,287,254,31,1,1,32.021865147387324,True,0.044718313135184096,1.197484631602397,1.3930970197887376,32.021865147387324
15,0.0,12,225,28,32,287,254,31,1,1,32.021865147387324,True,0.044718313135184096,1.197484631602397,1.3930970197887376,32.021865147387324
15,0.0,13,225,28,32,287,254,31,1,1,32.021865147387324,True,0.044718313135184096,1.197484631602397,1.3930970197887376,32.021865147387324
15,0.0,14,225,28,32,287,254,31,1,1,32.021865147387324,True,0.044718313135184096,1.197484631602397,1.3930970197887376,32.021865147387324
15,0.0,15,225,28,32,287,254,31,1,1,32.021865147387324,True,0.044718313135184096,1.197484631602397,1.3930970197887376,32.021865147387324
15,0.0,16,225,28,32,287,254,31,1,1,32.021865147387324,True,0.044718313135184096,1.197484631602397,1.3930970197887376,32.021865147387324
15,0.0,17,225,28,32,287,254,31,1,1,32.021865147387324,True,0.044718313135184096,1.197484631602397,1.3930970197887376,32.021865147387324
15,0.0,18,225,28,32,287,254,31,1,1,32.021865147387324,True,0.044718313135184096,1.197484631602397,1.3930970197887376,32.021865147387324
15,0.0,19,225,28,32,287,254,31,1,1,32.021865147387324,True,0.044718313135184096,1.197484631602397,1.3930970197887376,32.021865147387324
15,0.0,20,225,28,32,287,254,31,1,1,32.021865147387324,True,0.044718313135184096,1.197484631602397,1.3930970197887376,32.021865147387324
15,0.0,21,225,28,32,287,254,31,1,1,32.021865147387324,True,0.044718313135184096,1.197484631602397,1.3930970197887376,32.021865147387324
15,0.0,22,225,28,32,287,254,31,1,1,32.021865147387324,True,0.044718313135184096,1.197484631602397,1.3930970197887376,32.021865147387324
15,0.0,23,225,28,32,287,254,31,1,1,32.021865147387324,True,0.044718313135184096,1.197484631602397,1.3930970197887376,32.021865147387324
15,0.0,24,225,28,32,287,254,31,1,1,32.021865147387324,True,0.044718313135184096,1.197484631602397,1.3930970197887376,32.021865147387324
15,0.0,25,225,28,32,287,254,31,1,1,32.021865147387324,True,0.044718313135184096,1.197484631602397,1.3930970197887376,32.021865147387324
15,0.0,26,225,28,32,287,254,31,1,1,32.021865147387324,True,0.044718313135184096,1.197484631602397,1.3930970197887376,32.021865147387324
15,0.0,27,225,28,32,287,254,31,1,1,32.021865147387324,True,0.044718313135184096,1.197484631602397,1.3930970197887376,32.021865147387324
15,0.0,28,225,28,32,287,254,31,1,1,32.021865147387324,True,0.044718313135184096,1.197484631602397,1.3930970197887376,32.021865147387324
15,0.0,29,225,28,32,287,254,31,1,1,32.021865147387324,True,0.044718313135184096,1.197484631602397,1.3930970197887376,32.021865147387324
15,0.1,0,208,28,28,262,233,27,1,1,27.087901817875583,True,0.044718313135184096,1.2155010677238751,1.482317438539153,27.087901817875583
15,0.1,1,200,28,32,262,229,31,1,1,29.78778929400819,True,0.044718313135184096,1.9066064259773758,3.8844010961314472,29.78778929400819
15,0.1,2,198,28,28,252,223,27,1,1,26.914902409269093,True,0.044718313135184096,1.7176437888922234,3.181850050646118,26.914902409269093
15,0.1,3,203,28,30,261,230,29,1,1,35.798016429809394,True,0.044718313135184096,2.612014511570833,3.8647289532226137,35.798016429809394
15,0.1,4,197,28,30,255,224,29,1,1,33.74162957678088,True,0.044718313135184096,2.100323387107463,2.9556455705671065,33.74162957678088
15,0.1,5,202,28,34,268,233,33,1,1,28.733789945828825,True,0.044718313135184096,1.7000064279367835,2.5776193004589216,28.733789945828825
15,0.1,6,199,28,30,257,226,29,1,1,31.99261905798906,True,0.044718313135184096,1.6317073583077815,1.997062995970054,31.99261905798906
15,0.1,7,199,28,30,257,226,29,1,1,35.16504517914331,True,0.044718313135184096,1.2136637664041319,1.5431767292572185,35.16504517914331
15,0.1,8,205,28,28,259,230,27,1,1,31.25558685425899,True,0.044718313135184096,1.886741945754272,2.392161228584876,31.25558685425899
15,0.1,9,191,28,28,245,216,27,1,1,32.263339867745245,True,0.044718313135184096,1.759927239124278,2.0460929451200314,32.263339867745245
15,0.1,10,202,28,32,264,231,31,1,1,29.081821866009335,True,0.044718313135184096,1.5505901024177478,1.8981366349481716,29.081821866009335
15,0.1,11,200,28,28,253,224,27,1,1,25.356222088194087,True,0.044718313135184096,1.6562870284997542,1.923103399315032,25.356222088194087
15,0.1,12,205,28,30,263,232,29,1,1,35.24691949661436,True,0.044718313135184096,1.4439384886530475,1.7110410120068154,35.24691949661436
15,0.1,13,204,28,30,262,231,29,1,1,30.133891502775146,True,0.044718313135184096,2.2182979978961743,3.7941348544792923,30.133891502775146
15,0.1,14,206,28,30,264,233,29,1,1,28.546047287677364,True,0.044718313135184096,1.4179954820067056,2.5583377760035075,28.546047287677364
15,0.1,15,204,28,28,257,228,27,1,1,25.63002370154524,True,0.044718313135184096,1.262867227191619,1.8005855493639968,25.63002370154524
15,0.1,16,200,28,32,261,228,31,1,1,32.829746973062775,True,0.044718313135184096,1.4187254637607019,1.8859354995539257,32.829746973062775
15,0.1,17,205,28,30,263,232,29,1,1,29.00683284969079,True,0.044718313135184096,2.1017646097303233,2.2017634379136246,29.00683284969079
15,0.1,18,207,28,34,273,238,33,1,1,31.907928161866845,True,0.044718313135184096,1.4734002723799455,2.990160400262832,31.907928161866845
15,0.1,19,202,28,32,264,231,31,1,1,32.56670875673529,True,0.044718313135184096,1.659115267158393,4.404418048322555,32.56670875673529
15,0.1,20,199,28,32,261,228,31,1,1,31.888885637887,True,0.044718313135184096,1.7089648390855838,1.721146279416401,31.888885637887
15,0.1,21,198,28,42,280,237,41,1,1,37.465767704453896,True,0.044718313135184096,1.4249957445127202,1.721173211309714,37.465767704453896
15,0.1,22,201,28,32,263,230,31,1,1,29.18739294422273,True,0.044718313135184096,1.5288480555894557,2.821297138740746,29.18739294422273
15,0.1,23,205,28,28,259,230,27,1,1,37.35232542302222,True,0.044718313135184096,1.6937677423427258,3.2696045989258438,37.35232542302222
15,0.1,24,208,28,28,262,233,27,1,1,34.70679309853177,True,0.044718313135184096,1.8176505983236857,5.430812305903954,34.70679309853177
15,0.1,25,199,28,30,257,226,29,1,1,39.15492701324339,True,0.044718313135184096,1.6781959250776897,2.9309103667294703,39.15492701324339
15,0.1,26,185,28,36,255,218,35,1,1,46.18016789199621,True,0.044718313135184096,2.1072598117933965,3.650435372603413,46.18016789199621
15,0.1,27,204,28,28,258,229,27,1,1,20.49148017163721,True,0.044718313135184096,2.3516738030447866,2.451672631228088,20.49148017163721
15,0.1,28,202,28,28,256,227,27,1,1,36.082757750273515,True,0.044718313135184096,1.5251300792068045,1.8213075460037984,36.082757750273515
15,0.1,29,211,28,28,265,236,27,1,1,26.590604224836394,True,0.044718313135184096,1.3999244730468288,2.1605154058153015,26.590604224836394
15,0.2,0,189,28,30,247,216,29,1,1,28.171000024072605,True,0.044718313135184096,1.181202331295012,1.258542265463031,28.171000024072605
15,0.2,1,182,28,36,252,215,35,1,1,39.86235418103204,True,0.044718313135184096,1.4735593486907148,1.5362466347421366,39.86235418103204
15,0.2,2,176,28,30,228,197,29,1,1,29.903474025918335,True,0.044718313135184096,1.7019612669896012,3.861817069314525,29.903474025918335
15,0.2,3,188,28,30,246,215,29,1,1,27.80347683407538,True,0.044718313135184096,2.2067079160558607,2.9724511870914077,27.80347683407538
15,0.2,4,175,28,34,240,205,33,1,1,44.0736263780129,True,0.044718313135184096,1.45078266122944,2.7268782561260556,44.0736263780129
15,0.2,5,179,28,30,236,205,29,1,1,27.881033272292413,True,0.044718313135184096,1.7611782113970051,2.090023637995123,27.881033272292413
15,0.2,6,171,28,28,224,195,27,1,1,38.14815060694128,True,0.044718313135184096,2.280014402832846,3.760199806614501,38.14815060694128
15,0.2,7,171,28,28,224,195,27,1,1,38.14815060694128,True,0.044718313135184096,2.280014402832846,3.760199806614501,38.14815060694128
15,0.2,8,183,28,30,241,210,29,1,1,40.47928093131722,True,0.044718313135184096,1.8116481375516411,2.8216412949614575,40.47928093131722
15,0.2,9,166,28,30,222,191,29,1,1,43.991593358952194,True,0.044718313135184096,2.9566845695630732,4.866594089208682,43.991593358952194
15,0.2,10,183,28,34,248,213,33,1,1,34.15780824578676,True,0.044718313135184096,2.1208821653088217,3.339443525270616,34.15780824578676
15,0.2,11,179,28,28,232,203,27,1,1,29.998207476529814,True,0.044718313135184096,1.6743336809421354,2.0036297293030363,29.998207476529814
15,0.2,12,178,28,30,234,203,29,1,1,35.442633059245246,True,0.044718313135184096,2.502642825315288,2.7316214939206462,35.442633059245246
15,0.2,13,178,28,30,234,203,29,1,1,35.442633059245246,True,0.044718313135184096,2.502642825315288,2.7316214939206462,35.442633059245246
15,0.2,14,183,28,32,244,211,31,1,1,29.89043845101576,True,0.044718313135184096,2.6279106569927198,3.7359672953349996,29.89043845101576
15,0.2,15,186,28,30,242,211,29,1,1,27.099613073450094,True,0.044718313135184096,1.4760989432690879,2.342537375779848,27.099613073450094
15,0.2,16,172,28,30,229,198,29,1,1,27.27809777182712,True,0.044718313135184096,1.6690732041881968,5.412855207633816,27.27809777182712
15,0.2,17,189,28,28,243,214,27,1,1,31.896007974172182,True,0.044718313135184096,1.3095408537836113,1.7669191497960455,31.896007974172182
15,0.2,18,180,28,28,233,204,27,1,1,27.73265569314344,True,0.044718313135184096,1.892375420428045,2.846379874840164,27.73265569314344
15,0.2,19,181,28,28,234,205,27,1,1,29.549566824601705,True,0.044718313135184096,1.3161536300069017,2.226461328330899,29.549566824601705
15,0.2,20,175,28,32,233,200,31,1,1,39.636165880998696,True,0.044718313135184096,1.9315157678528907,2.0839757511525816,39.636165880998696
15,0.2,21,180,28,30,238,207,29,1,1,34.194872590838315,True,0.044718313135184096,1.9881391002771354,8.370409793822752,34.194872590838315
15,0.2,22,180,28,30,237,206,29,1,1,29.513929619193657,True,0.044718313135184096,1.5570553222685974,3.6171216277187366,29.513929619193657
15,0.2,23,183,28,34,249,214,33,1,1,32.10845499337636,True,0.044718313135184096,2.330684231886917,3.1749144523202695,32.10845499337636
15,0.2,24,184,28,30,241,210,29,1,1,36.869716834588644,True,0.044718313135184096,2.05522613103805,9.864532069280548,36.869716834588644
15,0.2,25,172,28,32,228,195,31,1,1,29.344808552241258,True,0.044718313135184096,2.073836409995179,3.1877797676294533,29.344808552241258
15,0.2,26,182,28,30,240,209,29,1,1,28.883829091050373,True,0.044718313135184096,2.3018673650117494,2.9209242932597834,28.883829091050373
15,0.2,27,182,28,30,240,209,29,1,1,28.883829091050373,True,0.044718313135184096,2.3018673650117494,2.9209242932597834,28.883829091050373
15,0.2,28,188,28,32,250,217,31,1,1,32.03379643761223,True,0.044718313135184096,2.919757241585124,3.582468315691668,32.03379643761223
15,0.2,29,188,28,32,250,217,31,1,1,32.03379643761223,True,0.044718313135184096,2.919757241585124,3.582468315691668,32.03379643761223
15,0.3,0,169,28,32,228,195,31,1,1,37.74292667406816,True,0.044718313135184096,1.42175048761518,1.6237392194980538,37.74292667406816
15,0.3,1,157,28,28,205,176,27,1,1,32.97016474294943,True,0.044718313135184096,2.8155867787461872,4.8233321187605,32.97016474294943
15,0.3,2,167,28,30,204,173,29,1,1,27.10319471062334,True,0.044718313135184096,7.16229282430231,7.422205107409061,27.10319471062334
15,0.3,3,167,28,30,204,173,29,1,1,27.10319471062334,True,0.044718313135184096,7.16229282430231,7.422205107409061,27.10319471062334
15,0.3,4,160,28,28,209,180,27,1,1,25.472082463179646,True,0.044718313135184096,1.9153091503272024,2.175221433433954,25.472082463179646
15,0.3,5,160,28,28,209,180,27,1,1,25.472082463179646,True,0.044718313135184096,1.9153091503272024,2.175221433433954,25.472082463179646
15,0.3,6,165,28,34,230,195,33,1,1,26.10863879474041,True,0.044718313135184096,2.09416797078014,2.9946409903013214,26.10863879474041
15,0.3,7,165,28,34,230,195,33,1,1,26.10863879474041,True,0.044718313135184096,2.09416797078014,2.9946409903013214,26.10863879474041
15,0.3,8,165,28,34,230,195,33,1,1,26.10863879474041,True,0.044718313135184096,2.09416797078014,2.9946409903013214,26.10863879474041
15,0.3,9,165,28,34,230,195,33,1,1,26.10863879474041,True,0.044718313135184096,2.09416797078014,2.9946409903013214,26.10863879474041
15,0.3,10,165,28,34,230,195,33,1,1,26.10863879474041,True,0.044718313135184096,2.09416797078014,2.9946409903013214,26.10863879474041
15,0.3,11,153,28,28,204,175,27,1,1,32.87242096485537,True,0.044718313135184096,2.217657778166866,3.369110253026591,32.87242096485537
15,0.3,12,153,28,28,204,175,27,1,1,32.87242096485537,True,0.044718313135184096,2.217657778166866,3.369110253026591,32.87242096485537
15,0.3,13,153,28,28,204,175,27,1,1,32.87242096485537,True,0.044718313135184096,2.217657778166866,3.369110253026591,32.87242096485537
15,0.3,14,153,28,28,204,175,27,1,1,32.87242096485537,True,0.044718313135184096,2.217657778166866,3.369110253026591,32.87242096485537
15,0.3,15,164,28,28,202,173,27,1,1,33.320119003850095,True,0.044718313135184096,2.5684388358927337,4.727541347818224,33.320119003850095
15,0.3,16,164,28,28,202,173,27,1,1,33.320119003850095,True,0.044718313135184096,2.5684388358927337,4.727541347818224,33.320119003850095
15,0.3,17,164,28,28,202,173,27,1,1,33.320119003850095,True,0.044718313135184096,2.5684388358927337,4.727541347818224,33.320119003850095
15,0.3,18,159,28,32,220,187,31,1,1,32.94240449420029,True,0.044718313135184096,2.896694928115542,4.181587793866376,32.94240449420029
15,0.3,19,159,28,32,220,187,31,1,1,32.94240449420029,True,0.044718313135184096,2.896694928115542,4.181587793866376,32.94240449420029
15,0.3,20,159,28,32,220,187,31,1,1,32.94240449420029,True,0.044718313135184096,2.896694928115542,4.181587793866376,32.94240449420029
15,0.3,21,159,28,32,220,187,31,1,1,32.94240449420029,True,0.044718313135184096,2.896694928115542,4.181587793866376,32.94240449420029
15,0.3,22,161,28,28,186,157,27,1,1,28.324645064639736,True,0.044718313135184096,2.8015461432746607,3.1995041657546874,28.324645064639736
15,0.3,23,160,28,30,197,166,29,1,1,27.08958850117086,True,0.044718313135184096,1.8648143800421508,4.478545058702228,27.08958850117086
15,0.3,24,159,32,40,235,194,39,1,1,39.14903171856255,True,0.044718313135184096,2.8388351291289964,3.2896427820322653,39.14903171856255
15,0.3,25,163,28,28,216,187,27,1,1,16.51549939237691,True,0.044718313135184096,1.4051776079682103,1.8298617476002783,16.51549939237691
15,0.3,26,163,28,28,216,187,27,1,1,16.51549939237691,True,0.044718313135184096,1.4051776079682103,1.8298617476002783,16.51549939237691
15,0.3,27,163,28,28,216,187,27,1,1,16.51549939237691,True,0.044718313135184096,1.4051776079682103,1.8298617476002783,16.51549939237691
15,0.3,28,158,28,30,208,177,29,1,1,23.818115624569018,True,0.044718313135184096,2.082704742189933,4.317295002951326,23.818115624569018
15,0.3,29,158,28,30,208,177,29,1,1,23.818115624569018,True,0.044718313135184096,2.082704742189933,4.317295002951326,23.818115624569018
20,0.0,0,400,38,44,486,441,43,1,1,45.4644844443405,True,0.044718313135184096,1.9068835187086992,2.4087051478119883,45.4644844443405
20,0.0,1,400,38,44,486,441,43,1,1,45.4644844443405,True,0.044718313135184096,1.9068835187086992,2.4087051478119883,45.4644844443405
20,0.0,2,400,38,44,486,441,43,1,1,45.4644844443405,True,0.044718313135184096,1.9068835187086992,2.4087051478119883,45.4644844443405
20,0.0,3,400,38,44,486,441,43,1,1,45.4644844443405,True,0.044718313135184096,1.9068835187086992,2.4087051478119883,45.4644844443405
20,0.0,4,400,38,44,486,441,43,1,1,45.4644844443405,True,0.044718313135184096,1.9068835187086992,2.4087051478119883,45.4644844443405
20,0.0,5,400,38,44,486,441,43,1,1,45.4644844443405,True,0.044718313135184096,1.9068835187086992,2.4087051478119883,45.4644844443405
20,0.0,6,400,38,44,486,441,43,1,1,45.4644844443405,True,0.044718313135184096,1.9068835187086992,2.4087051478119883,45.4644844443405
20,0.0,7,400,38,44,486,441,43,1,1,45.4644844443405,True,0.044718313135184096,1.9068835187086992,2.4087051478119883,45.4644844443405
20,0.0,8,400,38,44,486,441,43,1,1,45.4644844443405,True,0.044718313135184096,1.9068835187086992,2.4087051478119883,45.4644844443405
20,0.0,9,400,38,44,486,441,43,1,1,45.4644844443405,True,0.044718313135184096,1.9068835187086992,2.4087051478119883,45.4644844443405
20,0.0,10,400,38,44,486,441,43,1,1,45.4644844443405,True,0.044718313135184096,1.9068835187086992,2.4087051478119883,45.4644844443405
20,0.0,11,400,38,44,486,441,43,1,1,45.4644844443405,True,0.044718313135184096,1.9068835187086992,2.4087051478119883,45.4644844443405
20,0.0,12,400,38,44,486,441,43,1,1,45.4644844443405,True,0.044718313135184096,1.9068835187086992,2.4087051478119883,45.4644844443405
20,0.0,13,400,38,44,486,441,43,1,1,45.4644844443405,True,0.044718313135184096,1.9068835187086992,2.4087051478119883,45.4644844443405
20,0.0,14,400,38,44,486,441,43,1,1,45.4644844443405,True,0.044718313135184096,1.9068835187086992,2.4087051478119883,45.4644844443405
20,0.0,15,400,38,44,486,441,43,1,1,45.4644844443405,True,0.044718313135184096,1.9068835187086992,2.4087051478119883,45.4644844443405
20,0.0,16,400,38,44,486,441,43,1,1,45.4644844443405,True,0.044718313135184096,1.9068835187086992,2.4087051478119883,45.4644844443405
20,0.0,17,400,38,44,486,441,43,1,1,45.4644844443405,True,0.044718313135184096,1.9068835187086992,2.4087051478119883,45.4644844443405
20,0.0,18,400,38,44,486,441,43,1,1,45.4644844443405,True,0.044718313135184096,1.9068835187086992,2.4087051478119883,45.4644844443405
20,0.0,19,400,38,44,486,441,43,1,1,45.4644844443405,True,0.044718313135184096,1.9068835187086992,2.4087051478119883,45.4644844443405
20,0.0,20,400,38,44,486,441,43,1,1,45.4644844443405,True,0.044718313135184096,1.9068835187086992,2.4087051478119883,45.4644844443405
20,0.0,21,400,38,44,486,441,43,1,1,45.4644844443405,True,0.044718313135184096,1.9068835187086992,2.4087051478119883,45.4644844443405
20,0.0,22,400,38,44,486,441,43,1,1,45.4644844443405,True,0.044718313135184096,1.9068835187086992,2.4087051478119883,45.4644844443405
20,0.0,23,400,38,44,486,441,43,1,1,45.4644844443405,True,0.044718313135184096,1.9068835187086992,2.4087051478119883,45.4644844443405
20,0.0,24,400,38,44,486,441,43,1,1,45.4644844443405,True,0.044718313135184096,1.9068835187086992,2.4087051478119883,45.4644844443405
20,0.0,25,400,38,44,486,441,43,1,1,45.4644844443405,True,0.044718313135184096,1.9068835187086992,2.4087051478119883,45.4644844443405
20,0.0,26,400,38,44,486,441,43,1,1,45.4644844443405,True,0.044718313135184096,1.9068835187086992,2.4087051478119883,45.4644844443405
20,0.0,27,400,38,44,486,441,43,1,1,45.4644844443405,True,0.044718313135184096,1.9068835187086992,2.4087051478119883,45.4644844443405
20,0.0,28,400,38,44,486,441,43,1,1,45.4644844443405,True,0.044718313135184096,1.9068835187086992,2.4087051478119883,45.4644844443405
20,0.0,29,400,38,44,486,441,43,1,1,45.4644844443405,True,0.044718313135184096,1.9068835187086992,2.4087051478119883,45.4644844443405
20,0.1,0,360,38,40,438,397,39,1,1,34.52528230017931,True,0.044718313135184096,1.462223064125283,1.9895500405696356,34.52528230017931
20,0.1,1,355,38,38,429,390,37,1,1,37.07709304533785,True,0.044718313135184096,1.8830573692229815,1.9024255894545936,37.07709304533785
20,0.1,2,357,38,40,435,394,39,1,1,38.353684641138884,True,0.044718313135184096,1.6875531987077177,2.522329678645975,38.353684641138884
20,0.1,3,360,38,40,438,397,39,1,1,39.968747549797854,True,0.044718313135184096,1.4407426037318065,1.5770444217494393,39.968747549797854
20,0.1,4,356,38,38,430,391,37,1,1,34.275079587669836,True,0.044718313135184096,1.9383138822936212,2.0867316494628714,34.275079587669836
20,0.1,5,362,38,40,440,399,39,1,1,33.91381044416975,True,0.044718313135184096,1.6093435906724398,1.7109068117982025,33.91381044416975
20,0.1,6,357,38,38,431,392,37,1,1,33.714011288685235,True,0.044718313135184096,1.7106341295858196,2.4247182733801322,33.714011288685235
20,0.1,7,357,38,38,431,392,37,1,1,29.457694389283446,True,0.044718313135184096,1.58464703595371,2.287180834057855,29.457694389283446
20,0.1,8,367,38,42,448,405,41,1,1,36.73294776899711,True,0.044718313135184096,2.039313365292195,2.5980648152615293,36.73294776899711
20,0.1,9,347,38,42,429,386,41,1,1,30.076131761089417,True,0.044718313135184096,1.6121387892829488,2.1082865500487173,30.076131761089417
20,0.1,10,356,38,38,430,391,37,1,1,40.65555932104163,True,0.044718313135184096,1.8270977239312014,5.123405194321849,40.65555932104163
20,0.1,11,360,38,42,442,399,41,1,1,33.583504836441755,True,0.044718313135184096,1.741129350154029,2.1721636015527515,33.583504836441755
20,0.1,12,368,38,38,441,402,37,1,1,34.0529123399871,True,0.044718313135184096,1.770826217948712,2.302583207081171,34.0529123399871
20,0.1,13,361,38,38,434,395,37,1,1,35.43176861581146,True,0.044718313135184096,2.3854410056400788,2.602809916114146,35.43176861581146
20,0.1,14,366,38,44,452,407,43,1,1,44.02851233953089,True,0.044718313135184096,1.9749732177789268,2.0765364389046894,44.02851233953089
20,0.1,15,370,38,42,452,409,41,1,1,41.15864358899047,True,0.044718313135184096,1.8548178823674764,2.022876923934919,41.15864358899047
20,0.1,16,353,38,42,435,392,41,1,1,26.329299998726846,True,0.044718313135184096,1.6031819683771174,2.222000128337726,26.329299998726846
20,0.1,17,362,38,42,444,401,41,1,1,39.09854142116216,True,0.044718313135184096,1.6907221075665841,3.061232338417385,39.09854142116216
20,0.1,18,369,38,40,447,406,39,1,1,45.119337339305616,True,0.044718313135184096,2.4699184430540204,3.0016754321864796,45.119337339305616
20,0.1,19,358,38,42,440,397,41,1,1,43.60795318998179,True,0.044718313135184096,2.1641788529559793,2.1954593970533014,43.60795318998179
20,0.1,20,354,38,40,430,389,39,1,1,33.29164607411112,True,0.044718313135184096,2.1977809524182472,2.558035972014829,33.29164607411112
20,0.1,21,353,38,40,431,390,39,1,1,38.290588898105746,True,0.044718313135184096,2.7100181037171938,3.0702731233137754,38.290588898105746
20,0.1,22,358,38,40,436,395,39,1,1,42.63992739758543,True,0.044718313135184096,1.866675462545677,2.003202173920608,42.63992739758543
20,0.1,23,364,38,42,446,403,41,1,1,41.64950682419774,True,0.044718313135184096,2.086979358647464,2.6562676665926426,41.64950682419774
20,0.1,24,370,38,40,448,407,39,1,1,40.51648916046109,True,0.044718313135184096,1.9242303342741025,4.9392626456131445,40.51648916046109
20,0.1,25,357,38,38,430,391,37,1,1,35.90904984205917,True,0.044718313135184096,1.7217503674225463,1.8613569614983292,35.90904984205917
20,0.1,26,341,38,40,418,377,39,1,1,39.94924053629342,True,0.044718313135184096,1.9628179814234301,3.1195346319528605,39.94924053629342
20,0.1,27,364,38,40,441,400,39,1,1,41.28072818983272,True,0.044718313135184096,1.7985205482122606,4.116796842899162,41.28072818983272
20,0.1,28,358,38,42,438,395,41,1,1,36.914227017604716,True,0.044718313135184096,2.2958297525197287,2.4321315705373614,36.914227017604716
20,0.1,29,370,38,40,448,407,39,1,1,36.357329068586324,True,0.044718313135184096,1.8305661869229521,2.6476231200902176,36.357329068586324
20,0.2,0,327,38,44,413,368,43,1,1,42.82107619348785,True,0.044718313135184096,2.543326793766679,2.958193755323311,42.82107619348785
20,0.2,1,321,38,42,403,360,41,1,1,45.56865871532995,True,0.044718313135184096,2.9528473955375096,3.187632409184667,45.56865871532995
20,0.2,2,321,38,42,403,360,41,1,1,45.56865871532995,True,0.044718313135184096,2.9528473955375096,3.187632409184667,45.56865871532995
20,0.2,3,325,38,38,399,360,37,1,1,30.46761741882675,True,0.044718313135184096,1.5678082354459335,2.888426197772308,30.46761741882675
20,0.2,4,313,38,40,389,348,39,1,1,41.96336692575528,True,0.044718313135184096,2.996866390695331,3.3190225909986966,41.96336692575528
20,0.2,5,322,40,44,407,362,43,1,1,39.46091358559381,True,0.044718313135184096,3.771206557474816,4.117993647930674,39.46091358559381
20,0.2,6,309,42,52,410,357,51,1,1,52.58336389294577,True,0.044718313135184096,4.720108899524433,6.100804259541897,52.58336389294577
20,0.2,7,309,38,40,380,339,39,1,1,44.04024594187633,True,0.044718313135184096,2.35716875221733,2.794274848713071,44.04024594187633
20,0.2,8,327,38,42,408,365,41,1,1,38.1129523827268,True,0.044718313135184096,2.268657661293681,5.491019952237297,38.1129523827268
20,0.2,9,303,38,40,369,328,39,1,1,38.96631826166321,True,0.044718313135184096,1.9405619425891651,2.7066329725138702,38.96631826166321
20,0.2,10,314,38,42,395,352,41,1,1,42.40326308835724,True,0.044718313135184096,2.8666562072520394,3.5117051408504305,42.40326308835724
20,0.2,11,320,38,40,398,357,39,1,1,33.900858792474,True,0.044718313135184096,2.3493586660800534,2.849709919357049,33.900858792474
20,0.2,12,331,38,42,411,368,41,1,1,33.90605400438913,True,0.044718313135184096,1.5939167228386322,2.007641282220055,33.90605400438913
20,0.2,13,315,38,38,371,332,37,1,1,36.748020593356316,True,0.044718313135184096,2.371742144355115,3.4780097688894998,36.748020593356316
20,0.2,14,330,38,44,415,370,43,1,1,36.13438401916828,True,0.044718313135184096,3.645745709818027,4.824662349389022,36.13438401916828
20,0.2,15,330,38,44,415,370,43,1,1,36.13438401916828,True,0.044718313135184096,3.645745709818027,4.824662349389022,36.13438401916828
20,0.2,16,309,38,42,391,348,41,1,1,41.95833500276104,True,0.044718313135184096,3.1848322942769824,5.559414582708747,41.95833500276104
20,0.2,17,328,38,40,406,365,39,1,1,39.620270176064146,True,0.044718313135184096,2.2802038564032774,2.8437148846380214,39.620270176064146
20,0.2,18,318,38,38,390,351,37,1,1,39.34422920449947,True,0.044718313135184096,1.7555317092370264,3.8887828689173674,39.34422920449947
20,0.2,19,318,38,38,390,351,37,1,1,39.34422920449947,True,0.044718313135184096,1.7555317092370264,3.8887828689173674,39.34422920449947
20,0.2,20,309,38,46,398,351,45,1,1,52.2146876741546,True,0.044718313135184096,2.39406896084485,3.3643162564402456,52.2146876741546
20,0.2,21,319,38,42,400,357,41,1,1,33.68559021731323,True,0.044718313135184096,2.2599579943359727,3.7485635824122845,33.68559021731323
20,0.2,22,325,38,40,402,361,39,1,1,39.672195462067926,True,0.044718313135184096,8.200691206495447,8.998080185116272,39.672195462067926
20,0.2,23,325,38,40,402,361,39,1,1,39.672195462067926,True,0.044718313135184096,8.200691206495447,8.998080185116272,39.672195462067926
20,0.2,24,325,38,46,414,367,45,1,1,37.230137447804694,True,0.044718313135184096,2.730546638170762,3.9732235829697053,37.230137447804694
20,0.2,25,318,38,40,393,352,39,1,1,40.49440062576239,True,0.044718313135184096,1.7903562551438092,3.914337181827316,40.49440062576239
20,0.2,26,312,38,40,389,348,39,1,1,45.98862101351708,True,0.044718313135184096,2.2240154371894683,3.5299603303948315,45.98862101351708
20,0.2,27,325,38,38,399,360,37,1,1,38.78865679058858,True,0.044718313135184096,2.429119885793954,2.92947113907095,38.78865679058858
20,0.2,28,332,38,40,401,360,39,1,1,36.28748686542335,True,0.044718313135184096,1.8183065836916568,2.2527350237121855,36.28748686542335
20,0.2,29,332,38,40,401,360,39,1,1,36.28748686542335,True,0.044718313135184096,1.8183065836916568,2.2527350237121855,36.28748686542335
20,0.3,0,291,42,44,377,332,43,1,1,49.25726450151067,True,0.044718313135184096,3.485399760193815,7.147503874637845,49.25726450151067
20,0.3,1,268,38,40,313,272,39,1,1,44.181507138260045,True,0.044718313135184096,3.2158192921811164,5.835470927597159,44.181507138260045
20,0.3,2,268,38,40,313,272,39,1,1,44.181507138260045,True,0.044718313135184096,3.2158192921811164,5.835470927597159,44.181507138260045
20,0.3,3,268,38,40,313,272,39,1,1,44.181507138260045,True,0.044718313135184096,3.2158192921811164,5.835470927597159,44.181507138260045
20,0.3,4,268,38,40,313,272,39,1,1,44.181507138260045,True,0.044718313135184096,3.2158192921811164,5.835470927597159,44.181507138260045
20,0.3,5,268,38,40,313,272,39,1,1,44.181507138260045,True,0.044718313135184096,3.2158192921811164,5.835470927597159,44.181507138260045
20,0.3,6,268,38,40,313,272,39,1,1,44.181507138260045,True,0.044718313135184096,3.2158192921811164,5.835470927597159,44.181507138260045
20,0.3,7,268,38,40,313,272,39,1,1,44.181507138260045,True,0.044718313135184096,3.2158192921811164,5.835470927597159,44.181507138260045
20,0.3,8,267,38,40,334,293,39,1,1,41.908042706733546,True,0.044718313135184096,2.5902474478341575,3.248109050733163,41.908042706733546
20,0.3,9,267,38,40,334,293,39,1,1,41.908042706733546,True,0.044718313135184096,2.5902474478341575,3.248109050733163,41.908042706733546
20,0.3,10,288,38,44,368,323,43,1,1,48.6175133453018,True,0.044718313135184096,3.1604825947866617,3.450420495325352,48.6175133453018
20,0.3,11,287,38,38,357,318,37,1,1,35.28428588790895,True,0.044718313135184096,2.866540086060817,3.267825673616117,35.28428588790895
20,0.3,12,287,38,38,357,318,37,1,1,35.28428588790895,True,0.044718313135184096,2.866540086060817,3.267825673616117,35.28428588790895
20,0.3,13,298,40,46,380,333,45,1,1,39.6646409999625,True,0.044718313135184096,2.325465652082151,2.778674929493388,39.6646409999625
20,0.3,14,298,40,46,380,333,45,1,1,39.6646409999625,True,0.044718313135184096,2.325465652082151,2.778674929493388,39.6646409999625
20,0.3,15,298,40,46,380,333,45,1,1,39.6646409999625,True,0.044718313135184096,2.325465652082151,2.778674929493388,39.6646409999625
20,0.3,16,270,38,48,320,271,47,1,1,62.02053706172019,True,0.044718313135184096,4.143585833183108,4.371710821117724,62.02053706172019
20,0.3,17,283,38,40,352,311,39,1,1,44.658399187297555,True,0.044718313135184096,2.668964443429833,5.1711446323528065,44.658399187297555
20,0.3,18,272,38,40,346,305,39,1,1,40.915598382562465,True,0.044718313135184096,2.515353464982484,3.4819352859152595,40.915598382562465
20,0.3,19,272,38,40,346,305,39,1,1,40.915598382562465,True,0.044718313135184096,2.515353464982484,3.4819352859152595,40.915598382562465
20,0.3,20,283,40,40,358,317,39,1,1,40.72901281749632,True,0.044718313135184096,4.193279735094538,7.183335480888756,40.72901281749632
20,0.3,21,283,40,40,358,317,39,1,1,40.72901281749632,True,0.044718313135184096,4.193279735094538,7.183335480888756,40.72901281749632
20,0.3,22,289,38,42,370,327,41,1,1,46.95667659556325,True,0.044718313135184096,2.7304099821350154,4.515457169011484,46.95667659556325
20,0.3,23,289,38,42,370,327,41,1,1,46.95667659556325,True,0.044718313135184096,2.7304099821350154,4.515457169011484,46.95667659556325
20,0.3,24,287,38,40,349,308,39,1,1,40.146945426814426,True,0.044718313135184096,3.0327729869240128,3.075500088544463,40.146945426814426
20,0.3,25,278,40,50,367,316,49,1,1,56.31431062519842,True,0.044718313135184096,3.1580432887699597,3.3165140108931594,56.31431062519842
20,0.3,26,278,38,38,333,294,37,1,1,36.0765766787416,True,0.044718313135184096,2.325308901938926,3.195142468422967,36.0765766787416
20,0.3,27,278,38,38,333,294,37,1,1,36.0765766787416,True,0.044718313135184096,2.325308901938926,3.195142468422967,36.0765766787416
20,0.3,28,278,38,38,333,294,37,1,1,36.0765766787416,True,0.044718313135184096,2.325308901938926,3.195142468422967,36.0765766787416
20,0.3,29,278,38,38,333,294,37,1,1,36.0765766787416,True,0.044718313135184096,2.325308901938926,3.195142468422967,36.0765766787416
